"Name","TID","InfoTID","ToolTipTID","ShopInfoTID","StorageTID","StoreType","Type","HideInInfoScreens","PotionIngredient","Predict","SWF","ExportName","SCW","Scale","Scale2D","DataGainedAnimation","CollectEffect","DepositEffect","PremiumCurrency","DisplayIndex","HudBarExportName","FillBarExportName","StartingAmount","Red","Green","Blue","CapFullTID","TextRed","TextGreen","TextBlue","RequestInTasks","RequestInVillageTasks","IsShopAutoResource","TaskRequirementPercentage","ReputationRewardPercentage","KnowledgeRewardPercentage","CoinsRewardPercentage","RawValue","OfferProductCountPercentage","GemCostPercentage","ConvertToResource","ConvertValue","Giftable","GiftAmountPercentage","TaskResourceGroup","Category","Tag1","Tag2","Tag3","Tag4","NeedsVillageTech","NeedsVillageTech2","NeedsVillageBuilding","NeedsVillageBuildingLevel","NeedsVillageBuilding2","NeedsVillageBuildingLevel2","NeedsNationTech","NeedsNationTech2","NeedsNationBuilding","NeedsNationBuildingLevel","NeedsNationBuilding2","NeedsNationBuildingLevel2","OfferGroup","ShowInMainHUDOnlyWhenHasResource","IsUnrestrictedStorage","IsInChronos","MarketResource","MarketSellPrice","MarketBuyPrice","GraphicsNodeName","ProductionType","IsCommodity","ResourceIconExportName","ShopIconExportName"
"String","String","String","String","String","String","String","String","Boolean","Boolean","Boolean","String","String","String","int","int","String","String","String","Boolean","int","String","String","int","int","int","int","String","int","int","int","Boolean","Boolean","boolean","int","int","int","int","int","int","int","String","int","Boolean","int","String","String","String","String","String","String","String","String","String","int","String","int","String","String","String","int","String","int","String","boolean","boolean","boolean","String","int","int","String","String","Boolean","String","String"
"Diamonds","TID_RESOURCE_DIAMONDS","TID_RESOURCE_DIAMONDS_INFO","TID_RESOURCE_DIAMONDS_TOOLTIP","TID_RESOURCE_DIAMONDS_SHOP_INFO",,,,,"FALSE","FALSE","sc/ui.sc","icon_resource_gem",,,,"resource_gem_animation",,,"TRUE",0,"resource_container_flash_animation",,5,0,180,80,,255,253,207,,,"FALSE",100,125,334,1667,100,100,100,,,"FALSE",100,"Default","NoCategory",,,,,,,,,,,,,,,,,"Gems",,,"TRUE",,8,33,"diamonds",,"FALSE","icon_diamond","starterpack_gems"
"Food","TID_RESOURCE_FOOD","TID_RESOURCE_FOOD_INFO","TID_RESOURCE_FOOD_TOOLTIP","TID_RESOURCE_FOOD_SHOP_INFO","TID_STORAGE_SOUP",,,,"FALSE","TRUE","sc/ui.sc","icon_resource_food","sc3d/res_pumpkin_geo.glb",100,35,,,"DepositResource",,2,"resource_container_flash_animation",,,200,180,,"TID_RESOURCE_CAP_FULL_FOOD",255,253,207,,,"FALSE",1111,12,30,150,9,1111,9,,,"FALSE",1111,"Default","Soup",,,,,,,,,,,,,,,,,,,,"FALSE",,1,3,"food",,"FALSE","icon_meat",
"Tree","TID_RESOURCE_TREE","TID_RESOURCE_TREE_INFO","TID_RESOURCE_TREE_TOOLTIP","TID_RESOURCE_TREE_SHOP_INFO","TID_STORAGE_WOOD",,,,"FALSE","FALSE","sc/ui.sc","icon_resource_wood","sc3d/res_log_geo.glb",100,35,,,"DepositResource",,2,,,,150,75,,"TID_RESOURCE_CAP_FULL_TREE",255,253,207,,,"FALSE",,,,,,,,,,"FALSE",,"Default","NoCategory",,,,,,,,,,,,,,,,,,,,"FALSE",,,,"tree",,"FALSE","icon_wood",
"Wood","TID_RESOURCE_WOOD","TID_RESOURCE_WOOD_INFO","TID_RESOURCE_WOOD_TOOLTIP","TID_RESOURCE_WOOD_SHOP_INFO","TID_STORAGE_WOOD",,,,"FALSE","TRUE","sc/ui.sc","icon_resource_wood","sc3d/res_log_geo.glb",100,35,,,"DepositResource",,2,"resource_container_flash_animation",,,150,75,,"TID_RESOURCE_CAP_FULL_WOOD",255,253,207,"TRUE","TRUE","TRUE",918,14,37,182,11,918,11,,,"TRUE",918,"ConstructionBasic","NoCategory","ConstructionBasic","ConstructionAny",,,,,,,,,,,,,,,,,,"TRUE","Coins",1,4,"wood",,"FALSE","icon_wood",
"Pumpkin","TID_RESOURCE_PUMPKIN","TID_RESOURCE_PUMPKIN_INFO","TID_RESOURCE_PUMPKIN_TOOLTIP","TID_RESOURCE_PUMPKIN_SHOP_INFO","TID_STORAGE_SOUP","Food","Ingredient",,"FALSE","FALSE","sc/ui.sc","icon_resource_pumpkin","sc3d/res_pumpkin_geo.glb",100,35,,,"DepositSoup",,1,,,,200,180,,"TID_RESOURCE_CAP_FULL_PUMPKINS",255,253,207,,,"FALSE",,,,,,,,,,"FALSE",,"Default","RawFoodIngredient",,,,,,,,,,,,,,,,,,,,"FALSE",,,,"pumpkin",,"FALSE","icon_pumpkin",
"Stone","TID_RESOURCE_STONE","TID_RESOURCE_STONE_INFO","TID_RESOURCE_STONE_TOOLTIP","TID_RESOURCE_STONE_SHOP_INFO","TID_STORAGE_STONE",,,,"FALSE","TRUE","sc/ui.sc","icon_resource_stone","sc3d/res_stone_geo.glb",100,35,,,"DepositResource",,2,"resource_container_flash_animation",,,140,120,120,"TID_RESOURCE_CAP_FULL_STONE",255,253,207,"TRUE","TRUE","TRUE",607,21,55,275,16,607,16,,,"TRUE",607,"ConstructionBasic","NoCategory","ConstructionBasic","ConstructionAny",,,"StoneStorageCount1","StoneMineCount1","StoneStorage",1,"StoneMine",1,,,,,,,,,,"TRUE","Coins",1,5,"stone",,"FALSE","icon_stone",
"Science","TID_RESOURCE_SCIENCE","TID_RESOURCE_SCIENCE_INFO","TID_RESOURCE_SCIENCE_TOOLTIP","TID_RESOURCE_SCIENCE_SHOP_INFO",,,,,"FALSE","FALSE","sc/ui.sc","icon_resource_research_scroll",,35,35,,,"DepositResource",,2,,,,50,50,220,"TID_RESOURCE_CAP_FULL_SCIENCE",255,253,207,,,"FALSE",167,75,200,1000,60,167,60,,,"FALSE",167,"Default","NoCategory",,,,,,,,,,,,,,,,,,,,"FALSE",,5,20,"science",,"FALSE","icon_resource_research_scroll",
"Berry","TID_RESOURCE_BERRY","TID_RESOURCE_BERRY_INFO","TID_RESOURCE_BERRY_TOOLTIP","TID_RESOURCE_BERRY_SHOP_INFO","TID_STORAGE_KITCHEN",,,,"FALSE","FALSE","sc/ui.sc","icon_resource_redberry","sc3d/res_berries_geo.glb",100,35,,,"DepositResource",,2,,,,200,180,,"TID_RESOURCE_CAP_FULL_FOOD",255,253,207,"TRUE","TRUE","TRUE",218,58,153,765,46,218,46,"Food",2,"TRUE",218,"FoodRawMaterial","RawFoodIngredient","FoodRawMaterial",,,"RedAny",,,,,,,,,,,,,,,,"TRUE","Coins",4,15,"berry",,"FALSE","icon_meat",
"Mushroom","TID_RESOURCE_MUSHROOM","TID_RESOURCE_MUSHROOM_INFO","TID_RESOURCE_MUSHROOM_TOOLTIP","TID_RESOURCE_MUSHROOM_SHOP_INFO","TID_STORAGE_KITCHEN",,,,"FALSE","FALSE","sc/ui.sc","icon_resource_mushroom","sc3d/res_mushrooms_geo.glb",100,35,,,"DepositResource",,3,,,,200,180,,"TID_RESOURCE_CAP_FULL_FOOD",255,253,207,"TRUE","TRUE","TRUE",132,95,253,1265,76,132,76,"Food",3,"TRUE",132,"FoodRawMaterial","RawFoodIngredient","FoodRawMaterial",,,"YellowAny",,,,,,,,,,,,,,,,"TRUE","Coins",6,25,"mushroom",,"FALSE","icon_meat",
"Plank","TID_RESOURCE_PLANK","TID_RESOURCE_PLANK_INFO","TID_RESOURCE_PLANK_TOOLTIP","TID_RESOURCE_PLANK_SHOP_INFO","TID_STORAGE_PLANK",,,,"FALSE","TRUE","sc/ui.sc","icon_resource_plank","sc3d/res_plank_geo.glb",100,35,,,"DepositResource",,2,"resource_container_flash_animation",,,50,50,220,"TID_RESOURCE_CAP_FULL_PLANK",255,253,207,"TRUE","TRUE","TRUE",293,43,114,569,34,293,34,,,"TRUE",293,"ConstructionAdvanced","NoCategory","ConstructionAdvanced","ConstructionAny",,"YellowAny",,,"Sawmill",1,,,,,,,,,,,,"TRUE","Coins",3,11,"plank",,"FALSE","icon_planks",
"Crate","TID_RESOURCE_CRATES","TID_RESOURCE_CRATES_INFO","TID_RESOURCE_CRATES_TOOLTIP","TID_RESOURCE_CRATES_SHOP_INFO","TID_STORAGE_WAREHOUSE",,,,"FALSE","FALSE","sc/ui.sc","icon_storage_box","sc3d/res_crate_geo.glb",100,35,,,"DepositResource",,2,,,,140,120,120,"TID_RESOURCE_CAP_FULL_CRATES",255,253,207,,,"FALSE",,,,,,,,,,"FALSE",,"Default","NoCategory",,,,,,,,,,,,,,,,,,,,"FALSE",,,,"crate",,"FALSE","icon_stone",
"Egg","TID_RESOURCE_EGG","TID_RESOURCE_EGG_INFO","TID_RESOURCE_EGG_TOOLTIP","TID_RESOURCE_EGG_SHOP_INFO","TID_STORAGE_KITCHEN",,,,"FALSE","FALSE","sc/ui.sc","icon_resource_egg","sc3d/res_crate_geo.glb",100,35,,,"DepositResource",,4,,,,200,180,,"TID_RESOURCE_CAP_FULL_FOOD",255,253,207,"TRUE","TRUE","TRUE",222,57,150,750,45,222,45,"Food",2,"TRUE",222,"FoodRawMaterial","RawFoodIngredient","FoodRawMaterial",,,"WhiteAny",,,,,,,,,,,,,,,,"TRUE","Coins",4,15,"egg",,"FALSE","icon_egg",
"Clay","TID_RESOURCE_CLAY","TID_RESOURCE_CLAY_INFO","TID_RESOURCE_CLAY_TOOLTIP","TID_RESOURCE_CLAY_SHOP_INFO","TID_STORAGE_CLAY",,,,"FALSE","TRUE","sc/ui.sc","icon_resource_clay","sc3d/res_clay_geo.glb",100,35,,,"DepositResource",,2,"resource_container_flash_animation",,,140,20,20,"TID_RESOURCE_CAP_FULL_CLAY",255,253,207,"TRUE","TRUE","TRUE",612,21,55,272,16,612,16,,,"TRUE",612,"ConstructionBasic","NoCategory","ConstructionBasic","ConstructionAny",,"YellowAny",,,,,,,,,,,,,,,,"TRUE","Coins",1,5,"clay",,"FALSE","icon_clay",
"Brick","TID_RESOURCE_BRICK","TID_RESOURCE_BRICK_INFO","TID_RESOURCE_BRICK_TOOLTIP","TID_RESOURCE_BRICK_SHOP_INFO","TID_STORAGE_BRICK",,,,"FALSE","TRUE","sc/ui.sc","icon_resource_brick","sc3d/res_brick_geo.glb",100,35,,,"DepositResource",,2,"resource_container_flash_animation",,,140,20,20,"TID_RESOURCE_CAP_FULL_BRICK",255,253,207,"TRUE","TRUE","TRUE",252,50,133,661,40,252,40,,,"TRUE",252,"ConstructionAdvanced","NoCategory","ConstructionAdvanced","ConstructionAny",,"YellowAny",,,"BrickYard",1,,,,,,,,,,,,"TRUE","Coins",3,13,"brick",,"FALSE","icon_brick",
"PotionIngredient1","TID_RESOURCE_MANDRAKE","TID_RESOURCE_MANDRAKE_INFO","TID_RESOURCE_MANDRAKE_TOOLTIP","TID_RESOURCE_MANDRAKE_SHOP_INFO","TID_STORAGE_WAREHOUSE",,,,"TRUE","FALSE","sc/ui.sc","icon_potion_ingredient_mandrake","sc3d/res_berries_geo.glb",100,35,,,"DepositResource",,1,,,,240,240,100,"TID_RESOURCE_CAP_FULL_MANDRAKE",255,253,207,,,"FALSE",33,375,1000,5000,300,33,300,,,"FALSE",33,"Default","PotionIngredient",,,,,,,,,,,,,,,,,,,,"TRUE","Coins",25,100,"mandrake","HOUSE OF POTIONS","TRUE","icon_potion_ingredient_mandrake",
"PotionIngredient2","TID_RESOURCE_ACORN","TID_RESOURCE_ACORN_INFO","TID_RESOURCE_ACORN_TOOLTIP","TID_RESOURCE_ACORN_SHOP_INFO","TID_STORAGE_WAREHOUSE",,,,"TRUE","FALSE","sc/ui.sc","icon_potion_ingredient_acorn","sc3d/res_berries_geo.glb",100,35,,,"DepositResource",,2,,,,240,240,100,"TID_RESOURCE_CAP_FULL_MANDRAKE",255,253,207,,,"FALSE",33,375,1000,5000,300,33,300,,,"FALSE",33,"Default","PotionIngredient",,,,,,,,,,,,,,,,,,,,"TRUE","Coins",25,100,"acorn","HOUSE OF POTIONS","TRUE","icon_potion_ingredient_acorn",
"PotionIngredient3","TID_RESOURCE_MOSS","TID_RESOURCE_MOSS_INFO","TID_RESOURCE_MOSS_TOOLTIP","TID_RESOURCE_MOSS_SHOP_INFO","TID_STORAGE_WAREHOUSE",,,,"TRUE","FALSE","sc/ui.sc","icon_potion_ingredient_moss","sc3d/res_berries_geo.glb",100,35,,,"DepositResource",,3,,,,240,240,100,"TID_RESOURCE_CAP_FULL_MANDRAKE",255,253,207,,,"FALSE",33,375,1000,5000,300,33,300,,,"FALSE",33,"Default","PotionIngredient",,,,,,,,,,,,,,,,,,,,"TRUE","Coins",25,100,"daisy","HOUSE OF POTIONS","TRUE","icon_potion_ingredient_white_daisy",
"PotionIngredient4","TID_RESOURCE_FOUR_LEAF_CLOVER","TID_RESOURCE_FOUR_LEAF_CLOVER_INFO","TID_RESOURCE_FOUR_LEAF_CLOVER_TOOLTIP","TID_RESOURCE_FOUR_LEAF_CLOVER_SHOP_INFO","TID_STORAGE_WAREHOUSE",,,,"TRUE","FALSE","sc/ui.sc","icon_potion_ingredient_four_leaf_clover","sc3d/res_berries_geo.glb",100,35,,,"DepositResource",,4,,,,240,240,100,"TID_RESOURCE_CAP_FULL_MANDRAKE",255,253,207,,,"FALSE",33,375,1000,5000,300,33,300,,,"FALSE",33,"Default","PotionIngredient",,,,,,,,,,,,,,,,,,,,"TRUE","Coins",25,100,"clover","HOUSE OF POTIONS","TRUE","icon_potion_ingredient_four_leaf_clover",
"PotionIngredient5","TID_RESOURCE_RAVEN_FEATHER","TID_RESOURCE_RAVEN_FEATHER_INFO","TID_RESOURCE_RAVEN_FEATHER_TOOLTIP","TID_RESOURCE_RAVEN_FEATHER_SHOP_INFO","TID_STORAGE_WAREHOUSE",,,,"TRUE","FALSE","sc/ui.sc","icon_potion_ingredient_raven_feather","sc3d/res_berries_geo.glb",100,35,,,"DepositResource",,5,,,,240,240,100,"TID_RESOURCE_CAP_FULL_MANDRAKE",255,253,207,,,"FALSE",33,375,1000,5000,300,33,300,,,"FALSE",33,"Default","PotionIngredient",,,,,,,,,,,,,,,,,,,,"TRUE","Coins",25,100,"raven_feather","HOUSE OF POTIONS","TRUE","icon_potion_ingredient_raven_feather",
"PotionIngredient6","TID_RESOURCE_SEA_SHELL","TID_RESOURCE_SEA_SHELL_INFO","TID_RESOURCE_SEA_SHELL_TOOLTIP","TID_RESOURCE_SEA_SHELL_SHOP_INFO","TID_STORAGE_WAREHOUSE",,,,"TRUE","FALSE","sc/ui.sc","icon_potion_ingredient_sea_shell","sc3d/res_berries_geo.glb",100,35,,,"DepositResource",,6,,,,240,240,100,"TID_RESOURCE_CAP_FULL_MANDRAKE",255,253,207,,,"FALSE",33,375,1000,5000,300,33,300,,,"FALSE",33,"Default","PotionIngredient",,,,,,,,,,,,,,,,,,,,"TRUE","Coins",25,100,"toadstool","HOUSE OF POTIONS","TRUE","icon_potion_ingredient_toadstool",
"Coins","TID_RESOURCE_COINS","TID_RESOURCE_COINS_INFO","TID_RESOURCE_COINS_TOOLTIP","TID_RESOURCE_COINS_SHOP_INFO","TID_STORAGE_TREASURY",,,,"FALSE","FALSE","sc/ui.sc","icon_resource_coin",,,,"resource_coin_animation",,"DepositResource",,1,"resource_container_flash_animation",,0,0,180,80,,255,253,207,,,"FALSE",1667,8,20,100,6,1667,6,,,"FALSE",1667,"Default","ShowOnlyInTreasury",,,,"YellowAny",,,,,,,,,,,,,"BasicResources",,,"TRUE",,1,2,"coins",,"FALSE","icon_diamond","starterpack_gold"
"Wool","TID_RESOURCE_WOOL","TID_RESOURCE_WOOL_INFO","TID_RESOURCE_WOOL_TOOLTIP","TID_RESOURCE_WOOL_SHOP_INFO","TID_STORAGE_WAREHOUSE",,,,"FALSE","FALSE","sc/ui.sc","icon_resource_wool",,,,,,"DepositResource",,1,,,,200,180,0,"TID_RESOURCE_CAP_FULL_FOOD",255,253,207,"TRUE","TRUE","TRUE",111,113,300,1500,90,111,90,,,"TRUE",111,"ClothesProdArea","RawMaterial","ClothesProdArea",,,"WhiteAny",,,,,,,,,"SheepPasture",1,,,,,,"TRUE","Coins",8,30,"wool","PRODUCTION AREA","TRUE","icon_diamond",
"Bread","TID_RESOURCE_BREAD","TID_RESOURCE_BREAD_INFO","TID_RESOURCE_BREAD_TOOLTIP","TID_RESOURCE_BREAD_SHOP_INFO","TID_STORAGE_KITCHEN",,,,"FALSE","FALSE","sc/ui.sc","icon_bakery_bread",,100,35,,,"DepositResource",,1,,,,220,180,,"TID_RESOURCE_CAP_FULL_FOOD",255,253,207,"TRUE","TRUE","TRUE",33,377,1005,5025,301,33,301,"Food",10,"TRUE",33,"FoodCrafted","ValleyFoodItem","FoodCrafted","CraftedAny","BakeryAny","YellowAny","TechRecipeBread",,"Windmill",1,,,,,"NationBakery",1,,,,,,"TRUE","Coins",25,100,"bread","BAKERY","TRUE","icon_bread",
"Wheat","TID_RESOURCE_WHEAT","TID_RESOURCE_WHEAT_INFO","TID_RESOURCE_WHEAT_TOOLTIP","TID_RESOURCE_WHEAT_SHOP_INFO","TID_STORAGE_KITCHEN",,,,"FALSE","FALSE","sc/ui.sc","icon_resource_wheat","sc3d/wheat_resource.glb",100,35,,,"DepositResource",,10,,,,220,180,,"TID_RESOURCE_CAP_FULL_FOOD",255,253,207,"TRUE","TRUE","TRUE",62,203,540,2700,162,62,162,"Food",5,"TRUE",62,"FoodProdArea","RawFoodIngredient","FoodProdArea",,,"YellowAny",,,,,,,,,"WheatField",1,,,,,,"TRUE","Coins",14,54,"wheat","PRODUCTION AREA","TRUE","icon_wheat",
"BerryPie","TID_RESOURCE_BERRYPIE","TID_RESOURCE_BERRYPIE_INFO","TID_RESOURCE_BERRYPIE_TOOLTIP","TID_RESOURCE_BERRYPIE_SHOP_INFO","TID_STORAGE_KITCHEN",,,,"FALSE","FALSE","sc/ui.sc","icon_bakery_berry_pie","sc3d/res_berries_geo.glb",100,35,,,"DepositResource",,2,,,,240,240,100,"TID_RESOURCE_CAP_FULL_FOOD",255,253,207,"TRUE","TRUE","TRUE",12,1084,2891,14451,867,12,867,"Food",29,"FALSE",12,"FoodCrafted","ValleyFoodItem","FoodCrafted","CraftedAny","BakeryAny","RedAny","TechRecipeBerryPie",,"Windmill",1,"ChickenCoop",1,,,"NationBakery",1,"WheatField",1,,,,"TRUE","Coins",72,289,"berry_pie","BAKERY","TRUE","bakery_pie_icon",
"BerryCake","TID_RESOURCE_BERRYCAKE","TID_RESOURCE_BERRYCAKE_INFO","TID_RESOURCE_BERRYCAKE_TOOLTIP","TID_RESOURCE_BERRYCAKE_SHOP_INFO","TID_STORAGE_KITCHEN",,,,"FALSE","FALSE","sc/ui.sc","icon_bakery_berry_cake","sc3d/res_berries_geo.glb",100,35,,,"DepositResource",,3,,,,240,240,100,"TID_RESOURCE_CAP_FULL_FOOD",255,253,207,"TRUE",,"TRUE",5,2391,6376,31876,1913,5,1913,"Food",64,"FALSE",5,"AdvancedCrafted","ValleyFoodItem","FoodCrafted","CraftedAny","BakeryAny","RedAny","TechRecipeBerryCake",,,,,,,,"NationBakery",1,"NationSugarField",1,,,,"TRUE","Coins",159,638,"berry_cake","BAKERY","TRUE","bakery_berry_cake_icon",
"FountainBoost","TID_RESOURCE_FOUNTAIN_BOOST","TID_RESOURCE_FOUNTAIN_BOOST_INFO","TID_RESOURCE_FOUNTAIN_BOOST_TOOLTIP","TID_RESOURCE_FOUNTAIN_BOOST_SHOP_INFO",,,,"TRUE","FALSE","FALSE","sc/ui.sc","icon_speed_up",,100,35,,,"DepositResource",,0,,,,240,240,100,,255,253,207,,,"FALSE",200,63,167,833,50,200,50,,,"FALSE",200,"Default","NoCategory",,,,,,,,,,,,,,,,,,,,"TRUE",,4,17,"fountain_boost",,"FALSE","icon_speed_up","starterpack_nectar"
"Fish","TID_RESOURCE_FISH","TID_RESOURCE_FISH_INFO","TID_RESOURCE_FISH_TOOLTIP","TID_RESOURCE_FISH_SHOP_INFO","TID_STORAGE_KITCHEN",,,,"FALSE","FALSE","sc/ui.sc","icon_resource_fish",,100,35,,,"DepositResource",,13,,,,240,240,100,"TID_RESOURCE_CAP_FULL_FOOD",255,253,207,"TRUE","TRUE","TRUE",36,351,936,4680,281,36,281,"Food",9,"TRUE",36,"FoodProdArea","RawFoodIngredient","FoodProdArea",,,"BlueAny",,,,,,,,,"NationFishingSpot",1,,,,,,"TRUE","Coins",23,94,"fish","PRODUCTION AREA","TRUE","icon_egg",
"Cotton","TID_RESOURCE_COTTON","TID_RESOURCE_COTTON_INFO","TID_RESOURCE_COTTON_TOOLTIP","TID_RESOURCE_COTTON_SHOP_INFO","TID_STORAGE_WAREHOUSE",,,,"FALSE","FALSE","sc/ui.sc","icon_resource_cotton",,100,35,,,"DepositResource",,2,,,,240,240,100,"TID_RESOURCE_CAP_FULL_FOOD",255,253,207,"TRUE","TRUE","TRUE",55,228,606,3030,182,55,182,,,"TRUE",55,"ClothesProdArea","RawMaterial","ClothesProdArea",,,"WhiteAny",,,,,,,,,"NationCottonField",1,,,,,,"TRUE","Coins",15,61,"cotton","PRODUCTION AREA","TRUE","icon_egg",
"Indigo","TID_RESOURCE_INDIGO","TID_RESOURCE_INDIGO_INFO","TID_RESOURCE_INDIGO_TOOLTIP","TID_RESOURCE_INDIGO_SHOP_INFO","TID_STORAGE_WAREHOUSE",,,,"FALSE","FALSE","sc/ui.sc","icon_resource_indigo",,100,35,,,"DepositResource",,3,,,,240,240,100,"TID_RESOURCE_CAP_FULL_FOOD",255,253,207,"TRUE","TRUE","TRUE",132,95,252,1260,76,132,76,,,"TRUE",132,"ClothesProdArea","RawMaterial","ClothesProdArea",,,,,,,,,,,,"NationIndigoField",1,,,,,,"TRUE","Coins",6,25,"indigo","PRODUCTION AREA","TRUE","icon_egg",
"Sugar","TID_RESOURCE_SUGAR","TID_RESOURCE_SUGAR_INFO","TID_RESOURCE_SUGAR_TOOLTIP","TID_RESOURCE_SUGAR_SHOP_INFO","TID_STORAGE_KITCHEN",,,,"FALSE","FALSE","sc/ui.sc","icon_resource_sugar",,100,35,,,"DepositResource",,12,,,,240,240,100,"TID_RESOURCE_CAP_FULL_FOOD",255,253,207,"TRUE","TRUE","TRUE",45,279,742,3708,222,45,222,"Food",7,"TRUE",45,"FoodProdArea","RawFoodIngredient","FoodProdArea",,,"WhiteAny",,,,,,,,,"NationSugarField",1,,,,,,"TRUE","Coins",19,74,"sugar","PRODUCTION AREA","TRUE","icon_egg",
"Salt","TID_RESOURCE_SALT","TID_RESOURCE_SALT_INFO","TID_RESOURCE_SALT_TOOLTIP","TID_RESOURCE_SALT_SHOP_INFO","TID_STORAGE_KITCHEN",,,,"FALSE","FALSE","sc/ui.sc","icon_resource_salt",,100,35,,,"DepositResource",,11,,,,240,240,100,"TID_RESOURCE_CAP_FULL_FOOD",255,253,207,"TRUE","TRUE","TRUE",73,173,459,2295,138,73,138,"Food",5,"TRUE",73,"FoodProdArea","RawFoodIngredient","FoodProdArea",,,"WhiteAny",,,,,,,,,"NationSaltField",1,,,,,,"TRUE","Coins",11,46,"salt","PRODUCTION AREA","TRUE","icon_egg",
"SugarApple","TID_RESOURCE_SUGARAPPLE","TID_RESOURCE_SUGARAPPLE_INFO","TID_RESOURCE_SUGARAPPLE_TOOLTIP","TID_RESOURCE_SUGARAPPLE_SHOP_INFO","TID_STORAGE_KITCHEN",,,,"FALSE","FALSE","sc/ui.sc","icon_bakery_sugar_apple",,100,35,,,"DepositResource",,4,,,,240,240,100,"TID_RESOURCE_CAP_FULL_FOOD",255,253,207,"TRUE","TRUE","TRUE",16,761,2030,10146,609,16,609,"Food",20,"FALSE",16,"FoodCrafted","ValleyFoodItem","FoodCrafted","CraftedAny","BakeryAny","RedAny","TechRecipeSugarApple",,"AppleTreeGrove",1,,,,,"NationSugarField",1,"NationBakery",1,,,,"TRUE","Coins",51,203,"sugar_apple","BAKERY","TRUE","icon_egg",
"HoneyCookie","TID_RESOURCE_HONEYCOOKIE","TID_RESOURCE_HONEYCOOKIE_INFO","TID_RESOURCE_HONEYCOOKIE_TOOLTIP","TID_RESOURCE_HONEYCOOKIE_SHOP_INFO","TID_STORAGE_KITCHEN",,,,"FALSE","FALSE","sc/ui.sc","icon_bakery_honey_cookie",,100,35,,,"DepositResource",,5,,,,240,240,100,"TID_RESOURCE_CAP_FULL_FOOD",255,253,207,"TRUE","TRUE","TRUE",18,705,1879,9393,564,18,564,"Food",19,"FALSE",18,"FoodCrafted","ValleyFoodItem","FoodCrafted","CraftedAny","BakeryAny","YellowAny","TechRecipeHoneyCookie",,"Beehive",1,,,,,"NationBakery",1,,,,,,"TRUE","Coins",47,188,"honey_cookie","BAKERY","TRUE","icon_egg",
"FishPie","TID_RESOURCE_FISHPIE","TID_RESOURCE_FISHPIE_INFO","TID_RESOURCE_FISHPIE_TOOLTIP","TID_RESOURCE_FISHPIE_SHOP_INFO","TID_STORAGE_KITCHEN",,,,"FALSE","FALSE","sc/ui.sc","icon_bakery_fish_pie",,100,35,,,"DepositResource",,6,,,,240,240,100,"TID_RESOURCE_CAP_FULL_FOOD",255,253,207,"TRUE","TRUE","TRUE",9,1383,3687,18433,1106,9,1106,"Food",37,"FALSE",9,"FoodCrafted","ValleyFoodItem","FoodCrafted","CraftedAny","BakeryAny","YellowAny","TechRecipeFishPie",,,,,,,,"NationFishingSpot",1,"NationBakery",1,,,,"TRUE","Coins",92,369,"fish_pie","BAKERY","TRUE","icon_egg",
"ApplePie","TID_RESOURCE_APPLEPIE","TID_RESOURCE_APPLEPIE_INFO","TID_RESOURCE_APPLEPIE_TOOLTIP","TID_RESOURCE_APPLEPIE_SHOP_INFO","TID_STORAGE_KITCHEN",,,,"FALSE","FALSE","sc/ui.sc","icon_bakery_apple_pie",,100,35,,,"DepositResource",,7,,,,240,240,100,"TID_RESOURCE_CAP_FULL_FOOD",255,253,207,"TRUE","TRUE","TRUE",12,1057,2817,14081,845,12,845,"Food",28,"FALSE",12,"FoodCrafted","ValleyFoodItem","FoodCrafted","CraftedAny","BakeryAny","YellowAny","TechRecipeApplePie",,"AppleTreeGrove",1,,,,,"NationBakery",1,,,,,,"TRUE","Coins",70,282,"apple_pie","BAKERY","TRUE","icon_egg",
"CakeRoyale","TID_RESOURCE_CAKEROYALE","TID_RESOURCE_CAKEROYALE_INFO","TID_RESOURCE_CAKEROYALE_TOOLTIP","TID_RESOURCE_CAKEROYALE_SHOP_INFO","TID_STORAGE_KITCHEN",,,,"FALSE","FALSE","sc/ui.sc","icon_bakery_royal_cake",,100,35,,,"DepositResource",,8,,,,240,240,100,"TID_RESOURCE_CAP_FULL_FOOD",255,253,207,"TRUE",,"TRUE",3,3810,10160,50800,3048,3,3048,"Food",103,"FALSE",3,"AdvancedCrafted","ValleyFoodItem","FoodCrafted","CraftedAny","BakeryAny","WhiteAny","TechRecipeCakeRoyale","TechRecipeBerryCake","JuicePress",1,,,,,"NationBakery",1,,,,,,"TRUE","Coins",254,1016,"cake_royale","BAKERY","TRUE","icon_egg",
"SaltedFish","TID_RESOURCE_SALTEDFISH","TID_RESOURCE_SALTEDFISH_INFO","TID_RESOURCE_SALTEDFISH_TOOLTIP","TID_RESOURCE_SALTEDFISH_SHOP_INFO","TID_STORAGE_WAREHOUSE",,,,"FALSE","FALSE","sc/ui.sc","icon_pottery_salted_fish",,100,35,,,"DepositResource",,20,,,,240,240,100,"TID_RESOURCE_CAP_FULL_FOOD",255,253,207,"TRUE",,"TRUE",7,1910,5092,25459,1528,7,1528,,,"FALSE",7,"AdvancedCrafted","ValleyCraftedItem","FoodCrafted","CraftedAny","PreserveryAny","WhiteAny","TechRecipeSaltedFish",,"PotteryWorkshop",1,,,,,"NationFishingSpot",1,"NationCannery",1,,,,"TRUE","Coins",127,509,"salted_fish","POTTERY CANNING","TRUE","icon_egg",
"SaltPot","TID_RESOURCE_SALTPOT","TID_RESOURCE_SALTPOT_INFO","TID_RESOURCE_SALTPOT_TOOLTIP","TID_RESOURCE_SALTPOT_SHOP_INFO","TID_STORAGE_WAREHOUSE",,,,"FALSE","FALSE","sc/ui.sc","icon_pottery_salt",,100,35,,,"DepositResource",,21,,,,240,240,100,"TID_RESOURCE_CAP_FULL_FOOD",255,253,207,"TRUE","TRUE","TRUE",9,1404,3744,18717,1123,9,1123,,,"FALSE",9,"FoodCrafted","ValleyCraftedItem","FoodCrafted","CraftedAny","PreserveryAny","WhiteAny","TechRecipeSaltPot",,"PotteryWorkshop",1,,,,,"NationSaltField",1,"NationCannery",1,,,,"TRUE","Coins",94,374,"salt","POTTERY CANNING","TRUE","icon_egg",
"HoneyPot","TID_RESOURCE_HONEYPOT","TID_RESOURCE_HONEYPOT_INFO","TID_RESOURCE_HONEYPOT_TOOLTIP","TID_RESOURCE_HONEYPOT_SHOP_INFO","TID_STORAGE_WAREHOUSE",,,,"FALSE","FALSE","sc/ui.sc","icon_pottery_honey",,100,35,,,"DepositResource",,22,,,,240,240,100,"TID_RESOURCE_CAP_FULL_FOOD",255,253,207,"TRUE","TRUE","TRUE",12,1068,2846,14228,854,12,854,,,"FALSE",12,"FoodCrafted","ValleyCraftedItem","FoodCrafted","CraftedAny","PreserveryAny","YellowAny","TechRecipeHoneyPot",,"PotteryWorkshop",1,"Beehive",1,,,"NationCannery",1,,,,,,"TRUE","Coins",71,285,"honeypot","POTTERY CANNING","TRUE","icon_egg",
"AppleJam","TID_RESOURCE_APPLEJAM","TID_RESOURCE_APPLEJAM_INFO","TID_RESOURCE_APPLEJAM_TOOLTIP","TID_RESOURCE_APPLEJAM_SHOP_INFO","TID_STORAGE_WAREHOUSE",,,,"FALSE","FALSE","sc/ui.sc","icon_pottery_jam",,100,35,,,"DepositResource",,23,,,,240,240,100,"TID_RESOURCE_CAP_FULL_FOOD",255,253,207,"TRUE","TRUE","TRUE",9,1345,3585,17920,1075,9,1075,,,"FALSE",9,"FoodCrafted","ValleyCraftedItem","FoodCrafted","CraftedAny","PreserveryAny","RedAny","TechRecipeAppleJam",,"PotteryWorkshop",1,"JuicePress",1,,,"NationCannery",1,,,,,,"TRUE","Coins",90,358,"jam","POTTERY CANNING","TRUE","icon_egg",
"SweetHerring","TID_RESOURCE_SWEETHERRING","TID_RESOURCE_SWEETHERRING_INFO","TID_RESOURCE_SWEETHERRING_TOOLTIP","TID_RESOURCE_SWEETHERRING_SHOP_INFO","TID_STORAGE_WAREHOUSE",,,,"FALSE","FALSE","sc/ui.sc","icon_pottery_sweet_herring",,100,35,,,"DepositResource",,24,,,,240,240,100,"TID_RESOURCE_CAP_FULL_FOOD",255,253,207,"TRUE",,"TRUE",6,2077,5538,27688,1661,6,1661,,,"FALSE",6,"AdvancedCrafted","ValleyCraftedItem","FoodCrafted","CraftedAny","PreserveryAny","YellowAny","TechRecipeSweetHerring",,"PotteryWorkshop",1,"Beehive",1,,,"NationCannery",1,"NationFishingSpot",1,,,,"TRUE","Coins",138,554,"sweet_herring","POTTERY CANNING","TRUE","icon_egg",
"DyeRed","TID_RESOURCE_DYERED","TID_RESOURCE_DYERED_INFO","TID_RESOURCE_DYERED_TOOLTIP","TID_RESOURCE_DYERED_SHOP_INFO","TID_STORAGE_WAREHOUSE",,,,"FALSE","FALSE","sc/ui.sc","icon_dye_shop_red",,100,35,,,"DepositResource",,30,,,,240,240,100,"TID_RESOURCE_CAP_FULL_FOOD",255,253,207,"TRUE","TRUE","TRUE",40,312,832,4160,250,40,250,,,"TRUE",40,"CraftsDye","ValleyCraftedItem","CraftsDye","CraftsDyeBasic",,"RedAny","TechRecipeDyeRed",,,,,,,,"NationDyeShop",1,,,,,,"TRUE","Coins",21,83,"dye","DYE SHOP","TRUE","icon_egg",
"DyeYellow","TID_RESOURCE_DYEYELLOW","TID_RESOURCE_DYEYELLOW_INFO","TID_RESOURCE_DYEYELLOW_TOOLTIP","TID_RESOURCE_DYEYELLOW_SHOP_INFO","TID_STORAGE_WAREHOUSE",,,,"FALSE","FALSE","sc/ui.sc","icon_dye_shop_yellow",,100,35,,,"DepositResource",,31,,,,240,240,100,"TID_RESOURCE_CAP_FULL_FOOD",255,253,207,"TRUE","TRUE","TRUE",29,431,1147,5735,344,29,344,,,"TRUE",29,"CraftsDye","ValleyCraftedItem","CraftsDye","CraftsDyeBasic",,"YellowAny","TechRecipeDyeYellow",,,,,,,,"NationDyeShop",1,,,,,,"TRUE","Coins",29,115,"dye","DYE SHOP","TRUE","icon_egg",
"DyeBlue","TID_RESOURCE_DYEBLUE","TID_RESOURCE_DYEBLUE_INFO","TID_RESOURCE_DYEBLUE_TOOLTIP","TID_RESOURCE_DYEBLUE_SHOP_INFO","TID_STORAGE_WAREHOUSE",,,,"FALSE","FALSE","sc/ui.sc","icon_dye_shop_blue",,100,35,,,"DepositResource",,32,,,,240,240,100,"TID_RESOURCE_CAP_FULL_FOOD",255,253,207,"TRUE","TRUE","TRUE",29,429,1144,5719,343,29,343,,,"TRUE",29,"CraftsDye","ValleyCraftedItem","CraftsDye","CraftsDyeBasic",,"BlueAny","TechRecipeDyeBlue",,,,,,,,"NationDyeShop",1,"NationIndigoField",1,,,,"TRUE","Coins",29,114,"dye","DYE SHOP","TRUE","icon_egg",
"DyeGreen","TID_RESOURCE_DYEGREEN","TID_RESOURCE_DYEGREEN_INFO","TID_RESOURCE_DYEGREEN_TOOLTIP","TID_RESOURCE_DYEGREEN_SHOP_INFO","TID_STORAGE_WAREHOUSE",,,,"FALSE","FALSE","sc/ui.sc","icon_dye_shop_green",,100,35,,,"DepositResource",,33,,,,240,240,100,"TID_RESOURCE_CAP_FULL_FOOD",255,253,207,"TRUE","TRUE","TRUE",11,1101,2936,14676,881,11,881,,,"FALSE",11,"CraftsDye","ValleyCraftedItem","CraftsDye",,,"GreenAny","TechRecipeDyeGreen",,,,,,,,"NationDyeShop",1,"NationIndigoField",1,,,,"TRUE","Coins",73,294,"dye","DYE SHOP","TRUE","icon_egg",
"DyeOrange","TID_RESOURCE_DYEORANGE","TID_RESOURCE_DYEORANGE_INFO","TID_RESOURCE_DYEORANGE_TOOLTIP","TID_RESOURCE_DYEORANGE_SHOP_INFO","TID_STORAGE_WAREHOUSE",,,,"FALSE","FALSE","sc/ui.sc","icon_dye_shop_orange",,100,35,,,"DepositResource",,34,,,,240,240,100,"TID_RESOURCE_CAP_FULL_FOOD",255,253,207,"TRUE","TRUE","TRUE",13,978,2608,13039,782,13,782,,,"FALSE",13,"CraftsDye","ValleyCraftedItem","CraftsDye",,,,"TechRecipeDyeOrange",,,,,,,,"NationDyeShop",1,,,,,,"TRUE","Coins",65,261,"dye","DYE SHOP","TRUE","icon_egg",
"DyePurple","TID_RESOURCE_DYEPURPLE","TID_RESOURCE_DYEPURPLE_INFO","TID_RESOURCE_DYEPURPLE_TOOLTIP","TID_RESOURCE_DYEPURPLE_SHOP_INFO","TID_STORAGE_WAREHOUSE",,,,"FALSE","FALSE","sc/ui.sc","icon_dye_shop_purple",,100,35,,,"DepositResource",,35,,,,240,240,100,"TID_RESOURCE_CAP_FULL_FOOD",255,253,207,"TRUE","TRUE","TRUE",13,977,2605,13023,781,13,781,,,"FALSE",13,"CraftsDye","ValleyCraftedItem","CraftsDye",,,,"TechRecipeDyePurple",,,,,,,,"NationDyeShop",1,"NationIndigoField",1,,,,"TRUE","Coins",65,260,"dye","DYE SHOP","TRUE","icon_egg",
"DyeRainbow","TID_RESOURCE_DYERAINBOW","TID_RESOURCE_DYERAINBOW_INFO","TID_RESOURCE_DYERAINBOW_TOOLTIP","TID_RESOURCE_DYERAINBOW_SHOP_INFO","TID_STORAGE_WAREHOUSE",,,,"FALSE","FALSE","sc/ui.sc","icon_dye_shop_rainbow",,100,35,,,"DepositResource",,36,,,,240,240,100,"TID_RESOURCE_CAP_FULL_FOOD",255,253,207,"TRUE",,"TRUE",8,1566,4174,20869,1252,8,1252,,,"FALSE",8,"CraftsDye","ValleyCraftedItem","CraftsDye",,,,"TechRecipeDyeRainbow",,,,,,,,"NationDyeShop",1,"NationIndigoField",1,,,,"TRUE","Coins",104,417,"dye_rainbow","DYE SHOP","TRUE","icon_egg",
"Plushie","TID_RESOURCE_PLUSHIE","TID_RESOURCE_PLUSHIE_INFO","TID_RESOURCE_PLUSHIE_TOOLTIP","TID_RESOURCE_PLUSHIE_SHOP_INFO","TID_STORAGE_WAREHOUSE",,,,"FALSE","FALSE","sc/ui.sc","icon_toy_shop_plushie",,100,35,,,"DepositResource",,40,,,,240,240,100,"TID_RESOURCE_CAP_FULL_FOOD",255,253,207,"TRUE","TRUE","TRUE",8,1642,4379,21891,1313,8,1313,,,"FALSE",8,"CraftsCrafted","ValleyCraftedItem","CraftsCrafted","CraftedAny","ToyWorkshopAny","BlueAny","TechRecipePlushie",,,,,,"IndigoFieldCount1",,"NationToyWorkshop",1,"NationDyeShop",1,,,,"TRUE","Coins",109,438,"plushie","TOY WORKSHOP","TRUE","icon_egg",
"RuneGame","TID_RESOURCE_RUNEGAME","TID_RESOURCE_RUNEGAME_INFO","TID_RESOURCE_RUNEGAME_TOOLTIP","TID_RESOURCE_RUNEGAME_SHOP_INFO","TID_STORAGE_WAREHOUSE",,,,"FALSE","FALSE","sc/ui.sc","icon_toy_shop_runegame",,100,35,,,"DepositResource",,41,,,,240,240,100,"TID_RESOURCE_CAP_FULL_FOOD",255,253,207,"TRUE",,"TRUE",7,1792,4777,23884,1433,7,1433,,,"FALSE",7,"CraftsCrafted","ValleyCraftedItem","CraftsCrafted","CraftedAny","ToyWorkshopAny",,"TechRecipeRuneGame",,,,,,"IndigoFieldCount1",,"NationToyWorkshop",1,"NationDyeShop",1,,,,"TRUE","Coins",119,478,"runegame","TOY WORKSHOP","TRUE","icon_egg",
"WoodenDuck","TID_RESOURCE_WOODENDUCK","TID_RESOURCE_WOODENDUCK_INFO","TID_RESOURCE_WOODENDUCK_TOOLTIP","TID_RESOURCE_WOODENDUCK_SHOP_INFO","TID_STORAGE_WAREHOUSE",,,,"FALSE","FALSE","sc/ui.sc","icon_toy_shop_wooden_duck",,100,35,,,"DepositResource",,42,,,,240,240,100,"TID_RESOURCE_CAP_FULL_FOOD",255,253,207,"TRUE",,"TRUE",6,1953,5206,26027,1562,6,1562,,,"FALSE",6,"AdvancedCrafted","ValleyCraftedItem","CraftsCrafted","CraftedAny","ToyWorkshopAny",,"TechRecipeWoodenDuck","TechRecipeDyeGreen","Sawmill",1,,,"IndigoFieldCount1",,"NationToyWorkshop",1,"NationDyeShop",1,,,,"TRUE","Coins",130,521,"wooden_duck","TOY WORKSHOP","TRUE","icon_egg",
"Marbles","TID_RESOURCE_MARBLES","TID_RESOURCE_MARBLES_INFO","TID_RESOURCE_MARBLES_TOOLTIP","TID_RESOURCE_MARBLES_SHOP_INFO","TID_STORAGE_WAREHOUSE",,,,"FALSE","FALSE","sc/ui.sc","icon_toy_shop_clay_marbles",,100,35,,,"DepositResource",,43,,,,240,240,100,"TID_RESOURCE_CAP_FULL_FOOD",255,253,207,"TRUE",,"TRUE",6,1976,5268,26337,1580,6,1580,,,"FALSE",6,"AdvancedCrafted","ValleyCraftedItem","CraftsCrafted","CraftedAny","ToyWorkshopAny",,"TechRecipeMarbles","TechRecipeDyeRainbow",,,,,"IndigoFieldCount1",,"NationToyWorkshop",1,"NationDyeShop",1,,,,"TRUE","Coins",132,527,"marbles","TOY WORKSHOP","TRUE","icon_egg",
"WoodenDoll","TID_RESOURCE_WOODENDOLL","TID_RESOURCE_WOODENDOLL_INFO","TID_RESOURCE_WOODENDOLL_TOOLTIP","TID_RESOURCE_WOODENDOLL_SHOP_INFO","TID_STORAGE_WAREHOUSE",,,,"FALSE","FALSE","sc/ui.sc","icon_toy_shop_wooden_doll",,100,35,,,"DepositResource",,44,,,,240,240,100,"TID_RESOURCE_CAP_FULL_FOOD",255,253,207,"TRUE",,"TRUE",4,2874,7664,38317,2299,4,2299,,,"FALSE",4,"AdvancedCrafted","ValleyCraftedItem","CraftsCrafted","CraftedAny","ToyWorkshopAny","RedAny","TechRecipeWoodenDoll","TechRecipeDyeOrange",,,,,"IndigoFieldCount1",,"NationToyWorkshop",1,"NationDyeShop",1,,,,"TRUE","Coins",192,766,"toy_shop_doll","TOY WORKSHOP","TRUE","icon_egg",
"Socks","TID_RESOURCE_SOCKS","TID_RESOURCE_SOCKS_INFO","TID_RESOURCE_SOCKS_TOOLTIP","TID_RESOURCE_SOCKS_SHOP_INFO","TID_STORAGE_WAREHOUSE",,,,"FALSE","FALSE","sc/ui.sc","icon_tailor_socks",,100,35,,,"DepositResource",,1,,,,240,240,100,"TID_RESOURCE_CAP_FULL_FOOD",255,253,207,"TRUE","TRUE","TRUE",21,605,1612,8058,484,21,484,,,"TRUE",21,"ClothesCrafted","ValleyCraftedItem","ClothesCrafted","CraftedAny","TailorAny","WhiteAny","TechRecipeSocks",,,,,,,,"NationTailor",1,,,,,,"TRUE","Coins",40,161,"tailor_socks","TAILOR","TRUE","icon_egg",
"Trousers","TID_RESOURCE_TROUSERS","TID_RESOURCE_TROUSERS_INFO","TID_RESOURCE_TROUSERS_TOOLTIP","TID_RESOURCE_TROUSERS_SHOP_INFO","TID_STORAGE_WAREHOUSE",,,,"FALSE","FALSE","sc/ui.sc","icon_tailor_woolen_trousers",,100,35,,,"DepositResource",,2,,,,240,240,100,"TID_RESOURCE_CAP_FULL_FOOD",255,253,207,"TRUE","TRUE","TRUE",11,1095,2919,14595,876,11,876,,,"TRUE",11,"ClothesCrafted","ValleyCraftedItem","ClothesCrafted","CraftedAny","TailorAny","BlueAny","TechRecipeTrousers",,,,,,,,"NationTailor",1,"NationCottonField",1,,,,"TRUE","Coins",73,292,"tailor_pants","TAILOR","TRUE","icon_egg",
"Hat","TID_RESOURCE_HAT","TID_RESOURCE_HAT_INFO","TID_RESOURCE_HAT_TOOLTIP","TID_RESOURCE_HAT_SHOP_INFO","TID_STORAGE_WAREHOUSE",,,,"FALSE","FALSE","sc/ui.sc","icon_tailor_hat",,100,35,,,"DepositResource",,3,,,,240,240,100,"TID_RESOURCE_CAP_FULL_FOOD",255,253,207,"TRUE","TRUE","TRUE",14,889,2371,11851,711,14,711,,,"FALSE",14,"ClothesCrafted","ValleyCraftedItem","ClothesCrafted","CraftedAny","TailorAny","RedAny","TechRecipeHat",,,,,,,,"NationDyeShop",1,"NationTailor",1,,,,"TRUE","Coins",59,237,"tailor_hat","TAILOR","TRUE","icon_egg",
"Tunic","TID_RESOURCE_TUNIC","TID_RESOURCE_TUNIC_INFO","TID_RESOURCE_TUNIC_TOOLTIP","TID_RESOURCE_TUNIC_SHOP_INFO","TID_STORAGE_WAREHOUSE",,,,"FALSE","FALSE","sc/ui.sc","icon_tailor_woolen_shirt",,100,35,,,"DepositResource",,4,,,,240,240,100,"TID_RESOURCE_CAP_FULL_FOOD",255,253,207,"TRUE","TRUE","TRUE",9,1384,3691,18451,1107,9,1107,,,"FALSE",9,"ClothesCrafted","ValleyCraftedItem","ClothesCrafted","CraftedAny","TailorAny","BlueAny","TechRecipeTunic",,,,,,,,"NationTailor",1,"NationCottonField",1,,,,"TRUE","Coins",92,369,"tailor_woolen_shirt","TAILOR","TRUE","icon_egg",
"Shirt","TID_RESOURCE_SHIRT","TID_RESOURCE_SHIRT_INFO","TID_RESOURCE_SHIRT_TOOLTIP","TID_RESOURCE_SHIRT_SHOP_INFO","TID_STORAGE_WAREHOUSE",,,,"FALSE","FALSE","sc/ui.sc","icon_tailor_green_shirt",,100,35,,,"DepositResource",,5,,,,240,240,100,"TID_RESOURCE_CAP_FULL_FOOD",255,253,207,"TRUE",,"TRUE",7,1912,5098,25485,1529,7,1529,,,"FALSE",7,"AdvancedCrafted","ValleyCraftedItem","ClothesCrafted","CraftedAny","TailorAny","GreenAny","TechRecipeShirt","TechRecipeDyeGreen",,,,,"IndigoFieldCount1",,"NationDyeShop",1,,,,,,"TRUE","Coins",127,510,"tailor_shirt","TAILOR","TRUE","icon_egg",
"Dress","TID_RESOURCE_DRESS","TID_RESOURCE_DRESS_INFO","TID_RESOURCE_DRESS_TOOLTIP","TID_RESOURCE_DRESS_SHOP_INFO","TID_STORAGE_WAREHOUSE",,,,"FALSE","FALSE","sc/ui.sc","icon_tailor_purple_dress",,100,35,,,"DepositResource",,6,,,,240,240,100,"TID_RESOURCE_CAP_FULL_FOOD",255,253,207,"TRUE",,"TRUE",6,2210,5892,29460,1768,6,1768,,,"FALSE",6,"AdvancedCrafted","ValleyCraftedItem","ClothesCrafted","CraftedAny","TailorAny",,"TechRecipeDress","TechRecipeDyePurple",,,,,"IndigoFieldCount1",,"NationTailor",1,"NationDyeShop",1,,,,"TRUE","Coins",147,589,"tailor_dress","TAILOR","TRUE","icon_egg",
"Jacket","TID_RESOURCE_JACKET","TID_RESOURCE_JACKET_INFO","TID_RESOURCE_JACKET_TOOLTIP","TID_RESOURCE_JACKET_SHOP_INFO","TID_STORAGE_WAREHOUSE",,,,"FALSE","FALSE","sc/ui.sc","icon_tailor_jacket",,100,35,,,"DepositResource",,7,,,,240,240,100,"TID_RESOURCE_CAP_FULL_FOOD",255,253,207,"TRUE",,"TRUE",6,2177,5803,29014,1741,6,1741,,,"FALSE",6,"AdvancedCrafted","ValleyCraftedItem","ClothesCrafted","CraftedAny","TailorAny","BlueAny","TechRecipeJacket",,,,,,"IndigoFieldCount1",,"NationTailor",1,"NationDyeShop",1,,,,"TRUE","Coins",145,580,"tailor_jacket","TAILOR","TRUE","icon_egg",
"RainbowSuit","TID_RESOURCE_RAINBOWSUIT","TID_RESOURCE_RAINBOWSUIT_INFO","TID_RESOURCE_RAINBOWSUIT_TOOLTIP","TID_RESOURCE_RAINBOWSUIT_SHOP_INFO","TID_STORAGE_WAREHOUSE",,,,"FALSE","FALSE","sc/ui.sc","icon_tailor_rainbow_suit",,100,35,,,"DepositResource",,8,,,,240,240,100,"TID_RESOURCE_CAP_FULL_FOOD",255,253,207,"TRUE",,"TRUE",4,3524,9397,46982,2819,4,2819,,,"FALSE",4,"AdvancedCrafted","ValleyCraftedItem","ClothesCrafted","CraftedAny","TailorAny",,"TechRecipeRainbowSuit","TechRecipeDyeRainbow",,,,,"IndigoFieldCount1",,"NationTailor",1,"NationDyeShop",1,,,,"TRUE","Coins",235,940,"wedding_dress","TAILOR","TRUE","icon_egg",
"Figurine","TID_RESOURCE_FIGURINE","TID_RESOURCE_FIGURINE_INFO","TID_RESOURCE_FIGURINE_TOOLTIP","TID_RESOURCE_FIGURINE_SHOP_INFO","TID_STORAGE_WAREHOUSE",,,,"FALSE","FALSE","sc/ui.sc","icon_resource_wooden_figurine","sc3d/res_figurine_geo.glb",100,35,,,"DepositResource",,1,,,,240,240,100,"TID_RESOURCE_CAP_FULL_FOOD",255,253,207,"TRUE","TRUE","TRUE",72,173,462,2306,138,72,138,,,"TRUE",72,"CraftsVillageCraft","VillageCraftedItem","CraftsVillageCraft","CraftedAny",,"YellowAny",,,"FigurineWorkshop",1,,,,,,,,,,,,"TRUE","Coins",12,46,"wooden_figurine","VILLAGE","TRUE","icon_egg",
"Pottery","TID_RESOURCE_POTTERY","TID_RESOURCE_POTTERY_INFO","TID_RESOURCE_POTTERY_TOOLTIP","TID_RESOURCE_POTTERY_SHOP_INFO","TID_STORAGE_WAREHOUSE",,,,"FALSE","FALSE","sc/ui.sc","icon_resource_pot","sc3d/res_pot_geo.glb",100,35,,,"DepositResource",,2,,,,240,240,100,"TID_RESOURCE_CAP_FULL_FOOD",255,253,207,"TRUE","TRUE","TRUE",68,183,488,2437,146,68,146,,,"TRUE",68,"CraftsVillageCraft","VillageCraftedItem","CraftsVillageCraft","CraftedAny",,"YellowAny",,,"PotteryWorkshop",1,,,,,,,,,,,,"TRUE","Coins",12,49,"pot","VILLAGE","TRUE","icon_egg",
"Statuette","TID_RESOURCE_STATUETTE","TID_RESOURCE_STATUETTE_INFO","TID_RESOURCE_STATUETTE_TOOLTIP","TID_RESOURCE_STATUETTE_SHOP_INFO","TID_STORAGE_WAREHOUSE",,,,"FALSE","FALSE","sc/ui.sc","icon_resource_stone_statue","sc3d/res_statuette_geo.glb",100,35,,,"DepositResource",,3,,,,240,240,100,"TID_RESOURCE_CAP_FULL_FOOD",255,253,207,"TRUE","TRUE","TRUE",68,185,492,2457,147,68,147,,,"TRUE",68,"CraftsVillageCraft","VillageCraftedItem","CraftsVillageCraft","CraftedAny",,,,,"StatueWorkshop",1,,,,,,,,,,,,"TRUE","Coins",12,49,"stone_figurine","VILLAGE","TRUE","icon_egg",
"AppleJuice","TID_RESOURCE_APPLEJUICE","TID_RESOURCE_APPLEJUICE_INFO","TID_RESOURCE_APPLEJUICE_TOOLTIP","TID_RESOURCE_APPLEJUICE_SHOP_INFO","TID_STORAGE_KITCHEN",,,,"FALSE","FALSE","sc/ui.sc","icon_resource_apple_juice","sc3d/res_juice_geo.glb",100,35,,,"DepositResource",,2,,,,240,240,100,"TID_RESOURCE_CAP_FULL_FOOD",255,253,207,"TRUE","TRUE","TRUE",96,131,350,1745,105,96,105,"Food",4,"TRUE",96,"FoodVillageCraft","VillageFoodItem","FoodVillageCraft",,,"RedAny",,,"JuicePress",1,"AppleTreeGrove",1,,,,,,,,,,"TRUE","Coins",9,35,"apple_juice","VILLAGE","TRUE","icon_egg",
"Flour","TID_RESOURCE_FLOUR","TID_RESOURCE_FLOUR_INFO","TID_RESOURCE_FLOUR_TOOLTIP","TID_RESOURCE_FLOUR_SHOP_INFO","TID_STORAGE_KITCHEN",,,,"FALSE","FALSE","sc/ui.sc","icon_resource_flour","sc3d/res_flour_geo.glb",100,35,,,"DepositResource",,1,,,,240,240,100,"TID_RESOURCE_CAP_FULL_FOOD",255,253,207,"TRUE","TRUE","TRUE",52,240,640,3198,192,52,192,"Food",6,"TRUE",52,"FoodVillageCraft","VillageFoodItem","FoodRawMaterial",,,"WhiteAny",,,"Windmill",1,,,,,"WheatField",1,,,,,,"TRUE","Coins",16,64,"flour","VILLAGE","TRUE","icon_egg",
"Honey","TID_RESOURCE_HONEY","TID_RESOURCE_HONEY_INFO","TID_RESOURCE_HONEY_TOOLTIP","TID_RESOURCE_HONEY_SHOP_INFO","TID_STORAGE_KITCHEN",,,,"FALSE","FALSE","sc/ui.sc","icon_resource_honey","sc3d/res_pot_geo.glb",100,35,,,"DepositResource",,5,,,,240,240,100,"TID_RESOURCE_CAP_FULL_FOOD",255,253,207,"TRUE","TRUE","TRUE",110,114,303,1515,91,110,91,"Food",3,"TRUE",110,"FoodRawMaterial","RawFoodIngredient","FoodRawMaterial",,,"YellowAny",,,"Beehive",1,,,,,,,,,,,,"TRUE","Coins",8,30,"honey","VILLAGE","TRUE","icon_egg",
"Apple","TID_RESOURCE_APPLE","TID_RESOURCE_APPLE_INFO","TID_RESOURCE_APPLE_TOOLTIP","TID_RESOURCE_APPLE_SHOP_INFO","TID_STORAGE_KITCHEN",,,,"FALSE","FALSE","sc/ui.sc","icon_resource_apple","sc3d/res_apple_geo.glb",100,35,,,"DepositResource",,6,,,,240,240,100,"TID_RESOURCE_CAP_FULL_FOOD",255,253,207,"TRUE","TRUE","TRUE",272,46,123,612,37,272,37,"Food",1,"TRUE",272,"FoodVillageCraft","RawFoodIngredient","FoodVillageCraft",,,"RedAny",,,"AppleTreeGrove",1,,,,,,,,,,,,"TRUE","Coins",3,12,"apple","VILLAGE","TRUE","icon_egg",
"Carrot","TID_RESOURCE_CARROT","TID_RESOURCE_CARROT_INFO","TID_RESOURCE_CARROT_TOOLTIP","TID_RESOURCE_CARROT_SHOP_INFO","TID_STORAGE_KITCHEN",,,,"FALSE","FALSE","sc/ui.sc","icon_resource_carrot","sc3d/tool_carrot_geo.glb",100,35,,,"DepositResource",,,,,,240,240,100,"TID_RESOURCE_CAP_FULL_FOOD",255,253,207,,,"FALSE",,,,,,,,,,"FALSE",,"Default","NoCategory",,,,,,,,,,,,,,,,,,,,"FALSE",,,,"carrot",,"FALSE","icon_egg",
"IronOre","TID_RESOURCE_IRONORE","TID_RESOURCE_IRONORE_INFO","TID_RESOURCE_IRONORE_TOOLTIP","TID_RESOURCE_IRONORE_SHOP_INFO","TID_STORAGE_WAREHOUSE",,,,"FALSE","FALSE","sc/ui.sc","icon_resource_iron","sc3d/res_crate_geo.glb",100,35,,,"DepositResource",,4,,,,240,240,100,"TID_RESOURCE_CAP_FULL_FOOD",255,253,207,,,"FALSE",243,52,138,687,41,243,41,,,"FALSE",243,"Default","RawMaterial",,,,,"VillageTechBranchIcebergIsles1",,,,,,"ValleyTechBranchIcebergIsles1",,,,,,,,,"TRUE","Coins",3,14,"iron_ore",,"FALSE","icon_egg",
"IronBar","TID_RESOURCE_IRONBAR","TID_RESOURCE_IRONBAR_INFO","TID_RESOURCE_IRONBAR_TOOLTIP","TID_RESOURCE_IRONBAR_SHOP_INFO","TID_STORAGE_IRONBAR",,,,"FALSE","FALSE","sc/ui.sc","icon_resource_iron_ingot","sc3d/res_crate_geo.glb",100,35,,,"DepositResource",,2,,,,240,240,100,"TID_RESOURCE_CAP_FULL_FOOD",255,253,207,"TRUE","TRUE","TRUE",130,96,256,1279,77,130,77,,,"FALSE",130,"IronBasic","NoCategory","ConstructionAny","ConstructionIron",,,"VillageTechBranchIcebergIsles1",,"Smelter",1,,,"ValleyTechBranchIcebergIsles1",,,,,,,,,"TRUE","Coins",6,26,"iron_bar","VILLAGE","FALSE","icon_egg",
"DecoGems","TID_RESOURCE_DECO_GEMS","TID_RESOURCE_DECO_GEMS_INFO","TID_RESOURCE_DECO_GEMS_TOOLTIP","TID_RESOURCE_DECO_GEMS_SHOP_INFO",,,,,"FALSE","FALSE","sc/ui.sc","icon_deco_gem",,,,,,,,0,"resource_container_flash_animation",,5,0,180,80,,255,253,207,,,"FALSE",100,125,334,1667,100,100,100,,,"FALSE",100,"Default","NoCategory",,,,,,,,,,,,,,,,,"DecoGemsCategory","TRUE","TRUE","TRUE",,8,33,"diamonds",,"FALSE","icon_diamond",
"Nails","TID_RESOURCE_NAILS","TID_RESOURCE_NAILS_INFO","TID_RESOURCE_NAILS_TOOLTIP","TID_RESOURCE_NAILS_SHOP_INFO","TID_STORAGE_WAREHOUSE",,,,"FALSE","FALSE","sc/ui.sc","icon_blacksmith_iron_nails",,100,35,,,"DepositResource",,50,,,,220,180,,"TID_RESOURCE_CAP_FULL_FOOD",255,253,207,"TRUE","TRUE","TRUE",34,368,981,4904,294,34,294,,,"FALSE",34,"IronAdvanced","ValleyCraftedItem","ConstructionAny","CraftedAny","ConstructionIron","BlacksmithAny","VillageTechBranchIcebergIsles1","TechRecipeNails","Smelter",1,,,"ValleyTechBranchIcebergIsles1",,"NationBlacksmith",1,,,,,,"TRUE","Coins",25,98,"bread","BLACKSMITH","TRUE","icon_egg",
"ReinforcedPlank","TID_RESOURCE_REINFORCEDPLANK","TID_RESOURCE_REINFORCEDPLANK_INFO","TID_RESOURCE_REINFORCEDPLANK_TOOLTIP","TID_RESOURCE_REINFORCEDPLANK_SHOP_INFO","TID_STORAGE_WAREHOUSE",,,,"FALSE","FALSE","sc/ui.sc","icon_blacksmith_reinforced_plank",,100,35,,,"DepositResource",,51,,,,220,180,,"TID_RESOURCE_CAP_FULL_FOOD",255,253,207,"TRUE","TRUE","TRUE",28,446,1188,5938,356,28,356,,,"FALSE",28,"IronAdvanced","ValleyCraftedItem","ConstructionAny","CraftedAny","ConstructionIron","BlacksmithAny","VillageTechBranchIcebergIsles1","TechRecipeReinforcedPlank","Smelter",1,,,"ValleyTechBranchIcebergIsles1",,"NationBlacksmith",1,,,,,,"TRUE","Coins",30,119,"bread","BLACKSMITH","TRUE","icon_egg",
"IronSculpture","TID_RESOURCE_IRONSCULPTURE","TID_RESOURCE_IRONSCULPTURE_INFO","TID_RESOURCE_IRONSCULPTURE_TOOLTIP","TID_RESOURCE_IRONSCULPTURE_SHOP_INFO","TID_STORAGE_WAREHOUSE",,,,"FALSE","FALSE","sc/ui.sc","icon_blacksmith_iron_sculpture",,100,35,,,"DepositResource",,52,,,,220,180,,"TID_RESOURCE_CAP_FULL_FOOD",255,253,207,"TRUE","TRUE","TRUE",14,906,2415,12070,724,14,724,,,"FALSE",14,"IronCrafted","ValleyCraftedItem","CraftsCrafted","CraftedAny",,"BlacksmithAny","VillageTechBranchIcebergIsles1","TechRecipeIronSculpture","Smelter",1,,,"ValleyTechBranchIcebergIsles1",,"NationBlacksmith",1,,,,,,"TRUE","Coins",60,241,"bread","BLACKSMITH","TRUE","icon_egg",
"PickledEggs","TID_RESOURCE_PICKLEDEGGS","TID_RESOURCE_PICKLEDEGGS_INFO","TID_RESOURCE_PICKLEDEGGS_TOOLTIP","TID_RESOURCE_PICKLEDEGGS_SHOP_INFO","TID_STORAGE_WAREHOUSE",,,,"FALSE","FALSE","sc/ui.sc","icon_pottery_pickled_eggs",,100,35,,,"DepositResource",,25,,,,240,240,100,"TID_RESOURCE_CAP_FULL_FOOD",255,253,207,"TRUE","TRUE","TRUE",17,742,1977,9884,593,17,593,,,"FALSE",17,"Default","ValleyCraftedItem","FoodCrafted","CraftedAny","PreserveryAny","WhiteAny","TechRecipePickledEggs",,"PotteryWorkshop",1,"ChickenCoop",1,,,"NationCannery",1,,,,,,"TRUE","Coins",49,198,"honeypot","POTTERY CANNING","TRUE","icon_egg",
"Reputation","TID_REPUTATION","TID_REPUTATION_INFO","TID_REPUTATION_TOOLTIP",,,,,,"FALSE","FALSE","sc/ui.sc","icon_resource_reputation",,100,35,,,"DepositResource",,2,,,0,0,180,80,,255,253,207,,,"FALSE",125,100,267,1333,80,125,80,,,"FALSE",125,"Default","NoCategory",,,,,,,,,,,,,,,,,,,,"TRUE",,7,27,"reputation",,"FALSE","icon_resource_reputation",
"CacaoBeans","TID_RESOURCE_CACAOBEANS","TID_RESOURCE_CACAOBEANS_INFO","TID_RESOURCE_CACAOBEANS_TOOLTIP","TID_RESOURCE_CACAOBEANS_SHOP_INFO","TID_STORAGE_KITCHEN",,,,"FALSE","FALSE","sc/ui.sc","icon_resource_cocoa","sc3d/res_crate_geo.glb",100,35,,,"DepositResource",,7,,,,240,240,100,"TID_RESOURCE_CAP_FULL_FOOD",255,253,207,,,"FALSE",154,81,216,1080,65,154,65,"Food",2,"FALSE",154,"Default","RawFoodIngredient",,,,,"VillageTechBranchPrairiePlains1",,,,,,"ValleyTechBranchPrairiePlains1",,,,,,,,,"TRUE","Coins",5,22,"wooden_duck",,"FALSE","icon_egg",
"SilkCocoon","TID_RESOURCE_SILKCOCOON","TID_RESOURCE_SILKCOCOON_INFO","TID_RESOURCE_SILKCOCOON_TOOLTIP","TID_RESOURCE_SILKCOCOON_SHOP_INFO","TID_STORAGE_WAREHOUSE",,,,"FALSE","FALSE","sc/ui.sc","icon_resource_silk","sc3d/res_crate_geo.glb",100,35,,,"DepositResource",,5,,,,240,240,100,"TID_RESOURCE_CAP_FULL_FOOD",255,253,207,"TRUE","TRUE","TRUE",86,146,389,1944,117,86,117,,,"TRUE",86,"ClothesProdArea","RawMaterial","ClothesProdArea",,,"WhiteAny",,,,,,,,,"NationSilkField",1,,,,,,"TRUE","Coins",10,39,"wooden_duck","PRODUCTION AREA","TRUE","icon_egg",
"Chocolate","TID_RESOURCE_CHOCOLATE","TID_RESOURCE_CHOCOLATE_INFO","TID_RESOURCE_CHOCOLATE_TOOLTIP","TID_RESOURCE_CHOCOLATE_SHOP_INFO","TID_STORAGE_KITCHEN",,,,"FALSE","FALSE","sc/ui.sc","icon_resource_chocolate","sc3d/res_crate_geo.glb",100,35,,,"DepositResource",,8,,,,240,240,100,"TID_RESOURCE_CAP_FULL_FOOD",255,253,207,"TRUE","TRUE","TRUE",110,115,305,1521,91,110,91,"Food",3,"FALSE",110,"FoodVillageCraft","RawFoodIngredient","FoodVillageCraft",,,,"VillageTechBranchPrairiePlains1",,"Chocolatier",1,,,"ValleyTechBranchPrairiePlains1",,,,,,,,,"TRUE","Coins",8,30,"wooden_duck","VILLAGE","FALSE","icon_egg",
"SilkSpool","TID_RESOURCE_SILKSPOOL","TID_RESOURCE_SILKSPOOL_INFO","TID_RESOURCE_SILKSPOOL_TOOLTIP","TID_RESOURCE_SILKSPOOL_SHOP_INFO","TID_STORAGE_WAREHOUSE",,,,"FALSE","FALSE","sc/ui.sc","icon_resource_silk_thread","sc3d/res_crate_geo.glb",100,35,,,"DepositResource",,4,,,,240,240,100,"TID_RESOURCE_CAP_FULL_FOOD",255,253,207,"TRUE","TRUE","TRUE",52,241,641,3202,192,52,192,,,"FALSE",52,"CraftsVillageCraft","VillageCraftedItem","CraftsVillageCraft",,,"WhiteAny",,,"SilkSpoolMaker",1,,,,,"NationSilkField",1,,,,,,"TRUE","Coins",16,64,"wooden_duck","VILLAGE","TRUE","icon_egg",
"SilkCloth","TID_RESOURCE_SILKCLOTH","TID_RESOURCE_SILKCLOTH_INFO","TID_RESOURCE_SILKCLOTH_TOOLTIP","TID_RESOURCE_SILKCLOTH_SHOP_INFO","TID_STORAGE_WAREHOUSE",,,,"FALSE","FALSE","sc/ui.sc","icon_resource_silk_cloth","sc3d/res_crate_geo.glb",100,35,,,"DepositResource",,5,,,,240,240,100,"TID_RESOURCE_CAP_FULL_FOOD",255,253,207,"TRUE","TRUE","TRUE",37,340,905,4523,271,37,271,,,"FALSE",37,"CraftsVillageCraft","VillageCraftedItem","CraftsVillageCraft",,,"WhiteAny",,,"SilkWeaver",1,"SilkSpoolMaker",1,,,"NationSilkField",1,,,,,,"TRUE","Coins",23,90,"wooden_duck","VILLAGE","TRUE","icon_egg",
"Milk","TID_RESOURCE_MILK","TID_RESOURCE_MILK_INFO","TID_RESOURCE_MILK_TOOLTIP","TID_RESOURCE_MILK_SHOP_INFO","TID_STORAGE_KITCHEN",,,,"FALSE","FALSE","sc/ui.sc","icon_resource_milk","sc3d/res_crate_geo.glb",100,35,,,"DepositResource",,9,,,,240,240,100,"TID_RESOURCE_CAP_FULL_FOOD",255,253,207,"TRUE","TRUE","TRUE",69,181,482,2408,144,69,144,"Food",5,"TRUE",69,"FoodRawMaterial","RawFoodIngredient","FoodRawMaterial",,,"WhiteAny",,,"CowShed",1,,,,,,,,,,,,"TRUE","Coins",12,48,"wooden_duck","VILLAGE","TRUE","icon_egg",
"Cream","TID_RESOURCE_CREAM","TID_RESOURCE_CREAM_INFO","TID_RESOURCE_CREAM_TOOLTIP","TID_RESOURCE_CREAM_SHOP_INFO","TID_STORAGE_KITCHEN",,,,"FALSE","FALSE","sc/ui.sc","icon_dairy_cream",,100,35,,,"DepositResource",,20,,,,240,240,100,"TID_RESOURCE_CAP_FULL_FOOD",255,253,207,"TRUE","TRUE","TRUE",49,258,686,3428,206,49,206,"Food",7,"FALSE",49,"FoodCrafted","ValleyFoodItem","FoodRawMaterial","CraftedAny","DairyAny","WhiteAny","TechRecipeCream",,"CowShed",1,,,,,"NationDairy",1,,,,,,"TRUE","Coins",17,69,"cream","DAIRY","TRUE","icon_egg",
"Butter","TID_RESOURCE_BUTTER","TID_RESOURCE_BUTTER_INFO","TID_RESOURCE_BUTTER_TOOLTIP","TID_RESOURCE_BUTTER_SHOP_INFO","TID_STORAGE_KITCHEN",,,,"FALSE","FALSE","sc/ui.sc","icon_dairy_butter",,100,35,,,"DepositResource",,21,,,,240,240,100,"TID_RESOURCE_CAP_FULL_FOOD",255,253,207,"TRUE","TRUE","TRUE",24,513,1368,6839,410,24,410,"Food",14,"FALSE",24,"FoodCrafted","ValleyFoodItem","FoodRawMaterial","CraftedAny","DairyAny","YellowAny","TechRecipeButter",,"CowShed",1,,,,,"NationDairy",1,,,,,,"TRUE","Coins",34,137,"butter","DAIRY","TRUE","icon_egg",
"Cheese","TID_RESOURCE_CHEESE","TID_RESOURCE_CHEESE_INFO","TID_RESOURCE_CHEESE_TOOLTIP","TID_RESOURCE_CHEESE_SHOP_INFO","TID_STORAGE_KITCHEN",,,,"FALSE","FALSE","sc/ui.sc","icon_dairy_cheese",,100,35,,,"DepositResource",,22,,,,240,240,100,"TID_RESOURCE_CAP_FULL_FOOD",255,253,207,"TRUE","TRUE","TRUE",16,772,2057,10284,617,16,617,"Food",21,"FALSE",16,"FoodCrafted","ValleyFoodItem","FoodRawMaterial","CraftedAny","DairyAny","YellowAny","TechRecipeCheese",,"CowShed",1,,,,,"NationDairy",1,,,,,,"TRUE","Coins",51,206,"cheese","DAIRY","TRUE","icon_egg",
"ChocolateMousse","TID_RESOURCE_CHOCOLATEMOUSSE","TID_RESOURCE_CHOCOLATEMOUSSE_INFO","TID_RESOURCE_CHOCOLATEMOUSSE_TOOLTIP","TID_RESOURCE_CHOCOLATEMOUSSE_SHOP_INFO","TID_STORAGE_KITCHEN",,,,"FALSE","FALSE","sc/ui.sc","icon_bakery_chocolate_mousse",,100,35,,,"DepositResource",,9,,,,240,240,100,"TID_RESOURCE_CAP_FULL_FOOD",255,253,207,"TRUE","TRUE","TRUE",8,1517,4045,20223,1213,8,1213,"Food",41,"FALSE",8,"FoodCrafted","ValleyFoodItem","FoodCrafted","CraftedAny","BakeryAny",,"TechRecipeChocolateMousse","VillageTechBranchPrairiePlains1","CowShed",1,"Chocolatier",1,"ValleyTechBranchPrairiePlains1",,"NationDairy",1,"NationBakery",1,,,,"TRUE","Coins",101,404,"chocolate_mousse","BAKERY","TRUE","icon_egg",
"Mudcake","TID_RESOURCE_MUDCAKE","TID_RESOURCE_MUDCAKE_INFO","TID_RESOURCE_MUDCAKE_TOOLTIP","TID_RESOURCE_MUDCAKE_SHOP_INFO","TID_STORAGE_KITCHEN",,,,"FALSE","FALSE","sc/ui.sc","icon_bakery_lava_cake",,100,35,,,"DepositResource",,10,,,,240,240,100,"TID_RESOURCE_CAP_FULL_FOOD",255,253,207,"TRUE",,"TRUE",6,1951,5203,26012,1561,6,1561,"Food",53,"FALSE",6,"AdvancedCrafted","ValleyFoodItem","FoodCrafted","CraftedAny","BakeryAny",,"TechRecipeMudcake","VillageTechBranchPrairiePlains1","Chocolatier",1,,,"ValleyTechBranchPrairiePlains1",,"NationSugarField",1,"NationBakery",1,,,,"TRUE","Coins",130,520,"lava_cake","BAKERY","TRUE","icon_egg",
"GrilledCheese","TID_RESOURCE_GRILLEDCHEESE","TID_RESOURCE_GRILLEDCHEESE_INFO","TID_RESOURCE_GRILLEDCHEESE_TOOLTIP","TID_RESOURCE_GRILLEDCHEESE_SHOP_INFO","TID_STORAGE_KITCHEN",,,,"FALSE","FALSE","sc/ui.sc","icon_bakery_grilled_cheese_sandwich",,100,35,,,"DepositResource",,11,,,,240,240,100,"TID_RESOURCE_CAP_FULL_FOOD",255,253,207,"TRUE",,"TRUE",7,1880,5011,25055,1503,7,1503,"Food",51,"FALSE",7,"AdvancedCrafted","ValleyFoodItem","FoodCrafted","CraftedAny","BakeryAny","YellowAny","TechRecipeGrilledCheese","TechRecipeButter","CowShed",1,,,,,"NationDairy",1,"NationBakery",1,,,,"TRUE","Coins",125,501,"grilled_cheese_sandwich","BAKERY","TRUE","icon_egg",
"JellyBeans","TID_RESOURCE_JELLYBEANS","TID_RESOURCE_JELLYBEANS_INFO","TID_RESOURCE_JELLYBEANS_TOOLTIP","TID_RESOURCE_JELLYBEANS_SHOP_INFO","TID_STORAGE_KITCHEN",,,,"FALSE","FALSE","sc/ui.sc","icon_candy_maker_jelly_beans",,100,35,,,"DepositResource",,30,,,,240,240,100,"TID_RESOURCE_CAP_FULL_FOOD",255,253,207,"TRUE","TRUE","TRUE",20,629,1676,8377,503,20,503,"Food",17,"FALSE",20,"FoodCrafted","ValleyFoodItem","FoodCrafted","CraftedAny","CandyMakerAny",,"TechRecipeJellyBeans",,"AppleTreeGrove",1,"Beehive",1,,,"NationCandyMaker",1,"NationSugarField",1,,,,"TRUE","Coins",42,168,"wooden_duck","CANDYMAKER","TRUE","icon_egg",
"CottonCandy","TID_RESOURCE_COTTONCANDY","TID_RESOURCE_COTTONCANDY_INFO","TID_RESOURCE_COTTONCANDY_TOOLTIP","TID_RESOURCE_COTTONCANDY_SHOP_INFO","TID_STORAGE_KITCHEN",,,,"FALSE","FALSE","sc/ui.sc","icon_candy_maker_cotton_candy",,100,35,,,"DepositResource",,31,,,,240,240,100,"TID_RESOURCE_CAP_FULL_FOOD",255,253,207,"TRUE","TRUE","TRUE",15,833,2220,11098,666,15,666,"Food",22,"FALSE",15,"FoodCrafted","ValleyFoodItem","FoodCrafted","CraftedAny","CandyMakerAny",,"TechRecipeCottonCandy",,,,,,"SugarFieldCount1","CottonFieldCount1","NationCandyMaker",1,"NationIndigoField",1,,,,"TRUE","Coins",55,222,"wooden_duck","CANDYMAKER","TRUE","icon_egg",
"RaspberryBar","TID_RESOURCE_RASPBERRYBAR","TID_RESOURCE_RASPBERRYBAR_INFO","TID_RESOURCE_RASPBERRYBAR_TOOLTIP","TID_RESOURCE_RASPBERRYBAR_SHOP_INFO","TID_STORAGE_KITCHEN",,,,"FALSE","FALSE","sc/ui.sc","icon_candy_maker_raspberry_bar",,100,35,,,"DepositResource",,32,,,,240,240,100,"TID_RESOURCE_CAP_FULL_FOOD",255,253,207,"TRUE","TRUE","TRUE",10,1274,3396,16979,1019,10,1019,"Food",34,"FALSE",10,"FoodCrafted","ValleyFoodItem","FoodCrafted","CraftedAny","CandyMakerAny","RedAny","TechRecipeRaspberryBar","VillageTechBranchPrairiePlains1","Chocolatier",1,,,"ValleyTechBranchPrairiePlains1",,"NationCandyMaker",1,,,,,,"TRUE","Coins",85,340,"wooden_duck","CANDYMAKER","TRUE","icon_egg",
"ChocolateHerring","TID_RESOURCE_CHOCOLATEHERRING","TID_RESOURCE_CHOCOLATEHERRING_INFO","TID_RESOURCE_CHOCOLATEHERRING_TOOLTIP","TID_RESOURCE_CHOCOLATEHERRING_SHOP_INFO","TID_STORAGE_KITCHEN",,,,"FALSE","FALSE","sc/ui.sc","icon_candy_maker_chocolate_herring",,100,35,,,"DepositResource",,33,,,,240,240,100,"TID_RESOURCE_CAP_FULL_FOOD",255,253,207,"TRUE","TRUE","TRUE",9,1403,3742,18706,1122,9,1122,"Food",38,"FALSE",9,"FoodCrafted","ValleyFoodItem","FoodCrafted","CraftedAny","CandyMakerAny",,"TechRecipeChocolateHerring","VillageTechBranchPrairiePlains1","Chocolatier",1,,,"ValleyTechBranchPrairiePlains1",,"NationCandyMaker",1,"NationFishingSpot",1,,,,"TRUE","Coins",94,374,"wooden_duck","CANDYMAKER","TRUE","icon_egg",
"ChocolatePralines","TID_RESOURCE_CHOCOLATEPRALINES","TID_RESOURCE_CHOCOLATEPRALINES_INFO","TID_RESOURCE_CHOCOLATEPRALINES_TOOLTIP","TID_RESOURCE_CHOCOLATEPRALINES_SHOP_INFO","TID_STORAGE_KITCHEN",,,,"FALSE","FALSE","sc/ui.sc","icon_candy_maker_milk_chocolate_pralines",,100,35,,,"DepositResource",,34,,,,240,240,100,"TID_RESOURCE_CAP_FULL_FOOD",255,253,207,"TRUE","TRUE","TRUE",9,1403,3741,18704,1122,9,1122,"Food",38,"FALSE",9,"FoodCrafted","ValleyFoodItem","FoodCrafted","CraftedAny","CandyMakerAny",,"TechRecipeChocolatePralines","VillageTechBranchPrairiePlains1","Chocolatier",1,,,"ValleyTechBranchPrairiePlains1",,"NationDairy",1,"NationCandyMaker",1,,,,"TRUE","Coins",94,374,"wooden_duck","CANDYMAKER","TRUE","icon_egg",
"Fudge","TID_RESOURCE_FUDGE","TID_RESOURCE_FUDGE_INFO","TID_RESOURCE_FUDGE_TOOLTIP","TID_RESOURCE_FUDGE_SHOP_INFO","TID_STORAGE_KITCHEN",,,,"FALSE","FALSE","sc/ui.sc","icon_candy_maker_fudge",,100,35,,,"DepositResource",,35,,,,240,240,100,"TID_RESOURCE_CAP_FULL_FOOD",255,253,207,"TRUE","TRUE","TRUE",13,946,2521,12602,756,13,756,"Food",25,"FALSE",13,"FoodCrafted","ValleyFoodItem","FoodCrafted","CraftedAny","CandyMakerAny","YellowAny","TechRecipeFudge",,"CowShed",1,,,"SaltFieldCount1","SugarFieldCount1","NationDairy",1,"NationCandyMaker",1,,,,"TRUE","Coins",63,252,"wooden_duck","CANDYMAKER","TRUE","icon_egg",
"PreservedCheese","TID_RESOURCE_PRESERVEDCHEESE","TID_RESOURCE_PRESERVEDCHEESE_INFO","TID_RESOURCE_PRESERVEDCHEESE_TOOLTIP","TID_RESOURCE_PRESERVEDCHEESE_SHOP_INFO","TID_STORAGE_WAREHOUSE",,,,"FALSE","FALSE","sc/ui.sc","icon_pottery_marinated_cheese",,100,35,,,"DepositResource",,26,,,,240,240,100,"TID_RESOURCE_CAP_FULL_FOOD",255,253,207,"TRUE",,"TRUE",4,3335,8893,44464,2668,4,2668,,,"FALSE",4,"FoodCrafted","ValleyCraftedItem","FoodCrafted","CraftedAny","PreserveryAny","WhiteAny","TechRecipePreservedCheese","AppleTreeGroveCount1","CowShed",1,"PotteryWorkshop",1,,"SaltFieldCount1","NationDairy",1,"NationCannery",1,,,,"TRUE","Coins",222,889,"wooden_duck","POTTERY CANNING","TRUE","icon_egg",
"Yoghurt","TID_RESOURCE_YOGHURT","TID_RESOURCE_YOGHURT_INFO","TID_RESOURCE_YOGHURT_TOOLTIP","TID_RESOURCE_YOGHURT_SHOP_INFO","TID_STORAGE_WAREHOUSE",,,,"FALSE","FALSE","sc/ui.sc","icon_pottery_yoghurt",,100,35,,,"DepositResource",,27,,,,240,240,100,"TID_RESOURCE_CAP_FULL_FOOD",255,253,207,"TRUE",,"TRUE",7,1796,4787,23934,1436,7,1436,,,"FALSE",7,"FoodCrafted","ValleyCraftedItem","FoodCrafted","CraftedAny","PreserveryAny","WhiteAny","TechRecipeYoghurt",,"CowShed",1,"PotteryWorkshop",1,,"SugarFieldCount1","NationDairy",1,"NationCannery",1,,,,"TRUE","Coins",120,479,"wooden_duck","POTTERY CANNING","TRUE","icon_egg",
"SilkScarf","TID_RESOURCE_SILKSCARF","TID_RESOURCE_SILKSCARF_INFO","TID_RESOURCE_SILKSCARF_TOOLTIP","TID_RESOURCE_SILKSCARF_SHOP_INFO","TID_STORAGE_WAREHOUSE",,,,"FALSE","FALSE","sc/ui.sc","icon_tailor_silk_scarf",,100,35,,,"DepositResource",,9,,,,240,240,100,"TID_RESOURCE_CAP_FULL_FOOD",255,253,207,"TRUE",,"TRUE",5,2340,6240,31197,1872,5,1872,,,"FALSE",5,"AdvancedCrafted","ValleyCraftedItem","CraftsCrafted","CraftedAny","TailorAny","WhiteAny","TechRecipeSilkScarf",,"SilkWeaver",1,"SilkSpoolMaker",1,,,"NationSilkField",1,"NationTailor",1,,,,"TRUE","Coins",156,624,"wooden_duck","TAILOR","TRUE","icon_egg",
"SilkTie","TID_RESOURCE_SILKTIE","TID_RESOURCE_SILKTIE_INFO","TID_RESOURCE_SILKTIE_TOOLTIP","TID_RESOURCE_SILKTIE_SHOP_INFO","TID_STORAGE_WAREHOUSE",,,,"FALSE","FALSE","sc/ui.sc","icon_tailor_tie",,100,35,,,"DepositResource",,10,,,,240,240,100,"TID_RESOURCE_CAP_FULL_FOOD",255,253,207,"TRUE",,"TRUE",6,2112,5631,28153,1689,6,1689,,,"FALSE",6,"AdvancedCrafted","ValleyCraftedItem","CraftsCrafted","CraftedAny","TailorAny","BlueAny","TechRecipeSilkTie",,"SilkWeaver",1,"SilkSpoolMaker",1,"IndigoFieldCount1",,"NationSilkField",1,"NationDyeShop",1,,,,"TRUE","Coins",141,563,"wooden_duck","TAILOR","TRUE","icon_egg",
"FancyDoll","TID_RESOURCE_FANCYDOLL","TID_RESOURCE_FANCYDOLL_INFO","TID_RESOURCE_FANCYDOLL_TOOLTIP","TID_RESOURCE_FANCYDOLL_SHOP_INFO","TID_STORAGE_WAREHOUSE",,,,"FALSE","FALSE","sc/ui.sc","icon_toy_shop_fancy_doll",,100,35,,,"DepositResource",,45,,,,240,240,100,"TID_RESOURCE_CAP_FULL_FOOD",255,253,207,"TRUE",,"TRUE",4,3377,9005,45023,2701,4,2701,,,"FALSE",4,"AdvancedCrafted","ValleyCraftedItem","CraftsCrafted","CraftedAny","ToyWorkshopAny","BlueAny","TechRecipeFancyDoll",,"SilkWeaver",1,"SilkSpoolMaker",1,"IndigoFieldCount1","DyeShopCount1","NationToyWorkshop",1,"NationSilkField",1,,,,"TRUE","Coins",225,900,"wooden_duck","TOY WORKSHOP","TRUE","icon_egg",
"IronToy","TID_RESOURCE_IRONTOY","TID_RESOURCE_IRONTOY_INFO","TID_RESOURCE_IRONTOY_TOOLTIP","TID_RESOURCE_IRONTOY_SHOP_INFO","TID_STORAGE_WAREHOUSE",,,,"FALSE","FALSE","sc/ui.sc","icon_toy_shop_metal_toy",,100,35,,,"DepositResource",,46,,,,240,240,100,"TID_RESOURCE_CAP_FULL_FOOD",255,253,207,"TRUE","TRUE","TRUE",17,730,1946,9726,584,17,584,,,"FALSE",17,"IronCrafted","ValleyCraftedItem","CraftsCrafted","CraftedAny","ToyWorkshopAny",,"TechRecipeIronToy","VillageTechBranchIcebergIsles1",,,,,"ValleyTechBranchIcebergIsles1",,"NationToyWorkshop",1,,,,,,"TRUE","Coins",49,195,"wooden_duck","TOY WORKSHOP","TRUE","icon_egg",
