"Name","TID","TID_DESCRIPTION","Value","Category","Hours","Minutes","Seconds","Type","Building","TradePartner","Skill","Tool","ToolProb","IconSWF","IconExportName","Recipe","RequiredBuilding","RequiredBuildingCount","RevealedByDefault"
"String","String","String","int","String","int","int","int","String","String","String","String","String","String","String","String","String","String","int","boolean"
"BrickYardCount1","TID_TECH_BRICK_YARD","TID_TECH_BRICK_YARD_DESC",1,"Buildings",,,264000,"BuildingCount","BrickYard",,,,,,,,,,
"BrickYardLevel2","TID_TECH_BRICK_YARD_LEVEL_2_TO_5","TID_TECH_BRICK_YARD_LEVEL_UPGRADE_DESC",2,"Buildings",,,228000,"BuildingLevel","BrickYard",,,,,,,,,,
"BrickYardLevel3","TID_TECH_BRICK_YARD_LEVEL_2_TO_5","TID_TECH_BRICK_YARD_LEVEL_UPGRADE_DESC",3,"Buildings",,,258000,"BuildingLevel","BrickYard",,,,,,,,,,
"BrickYardLevel4","TID_TECH_BRICK_YARD_LEVEL_2_TO_5","TID_TECH_BRICK_YARD_LEVEL_UPGRADE_DESC",4,"Buildings",,,534000,"BuildingLevel","BrickYard",,,,,,,,,,
"BrickYardLevel5","TID_TECH_BRICK_YARD_LEVEL_2_TO_5","TID_TECH_BRICK_YARD_LEVEL_UPGRADE_DESC",5,"Buildings",,,588000,"BuildingLevel","BrickYard",,,,,,,,,,
"ChickenCoopCount1","TID_TECH_CHICKEN_COOP_COUNT_1","TID_TECH_CHICKEN_COOP_COUNT_1_DESC",1,"Buildings",,,360,"BuildingCount","ChickenCoop",,,,,,,,,,
"ChickenCoopLevel2","TID_TECH_CHICKEN_COOP_LEVEL_2_TO_5","TID_TECH_CHICKEN_COOP_LEVEL_UPGRADE_DESC",2,"Buildings",,,3000,"BuildingLevel","ChickenCoop",,,,,,,,,,
"ChickenCoopLevel3","TID_TECH_CHICKEN_COOP_LEVEL_2_TO_5","TID_TECH_CHICKEN_COOP_LEVEL_UPGRADE_DESC",3,"Buildings",,,39000,"BuildingLevel","ChickenCoop",,,,,,,,,,
"ChickenCoopLevel4","TID_TECH_CHICKEN_COOP_LEVEL_2_TO_5","TID_TECH_CHICKEN_COOP_LEVEL_UPGRADE_DESC",4,"Buildings",,,348000,"BuildingLevel","ChickenCoop",,,,,,,,,,
"ChickenCoopLevel5","TID_TECH_CHICKEN_COOP_LEVEL_2_TO_5","TID_TECH_CHICKEN_COOP_LEVEL_UPGRADE_DESC",5,"Buildings",,,426000,"BuildingLevel","ChickenCoop",,,,,,,,,,
"ClayStorageCount1","TID_TECH_CLAY","TID_TECH_CLAY_DESC",1,"Buildings",,,180,"BuildingCount","ClayStorage",,,,,"sc/background_images.sc","tech_image_clay",,,,
"ClayStorageCount2","TID_TECH_CLAY_STORAGE_COUNT_2","TID_TECH_CLAY_STORAGE_COUNT_2_DESC",2,"Buildings",,,1500,"BuildingCount","ClayStorage",,,,,,,,,,
"ClayStorageCount3","TID_TECH_CLAY_STORAGE_COUNT_3","TID_TECH_CLAY_STORAGE_COUNT_3_DESC",3,"Buildings",,,156000,"BuildingCount","ClayStorage",,,,,,,,,,
"ClayStorageLevel2","TID_TECH_CLAY_STORAGE_LEVEL_2_TO_10","TID_TECH_CLAY_STORAGE_LEVEL_UPGRADE_DESC",2,"Buildings",,,600,"BuildingLevel","ClayStorage",,,,,,,,,,
"ClayStorageLevel3","TID_TECH_CLAY_STORAGE_LEVEL_2_TO_10","TID_TECH_CLAY_STORAGE_LEVEL_UPGRADE_DESC",3,"Buildings",,,4200,"BuildingLevel","ClayStorage",,,,,,,,,,
"ClayStorageLevel4","TID_TECH_CLAY_STORAGE_LEVEL_2_TO_10","TID_TECH_CLAY_STORAGE_LEVEL_UPGRADE_DESC",4,"Buildings",,,66000,"BuildingLevel","ClayStorage",,,,,,,,,,
"ClayStorageLevel5","TID_TECH_CLAY_STORAGE_LEVEL_2_TO_10","TID_TECH_CLAY_STORAGE_LEVEL_UPGRADE_DESC",5,"Buildings",,,39000,"BuildingLevel","ClayStorage",,,,,,,,,,
"ClayStorageLevel6","TID_TECH_CLAY_STORAGE_LEVEL_2_TO_10","TID_TECH_CLAY_STORAGE_LEVEL_UPGRADE_DESC",6,"Buildings",,,174000,"BuildingLevel","ClayStorage",,,,,,,,,,
"ClayStorageLevel7","TID_TECH_CLAY_STORAGE_LEVEL_2_TO_10","TID_TECH_CLAY_STORAGE_LEVEL_UPGRADE_DESC",7,"Buildings",,,276000,"BuildingLevel","ClayStorage",,,,,,,,,,
"ClayStorageLevel8","TID_TECH_CLAY_STORAGE_LEVEL_2_TO_10","TID_TECH_CLAY_STORAGE_LEVEL_UPGRADE_DESC",8,"Buildings",,,546000,"BuildingLevel","ClayStorage",,,,,,,,,,
"ClayStorageLevel9","TID_TECH_CLAY_STORAGE_LEVEL_2_TO_10","TID_TECH_CLAY_STORAGE_LEVEL_UPGRADE_DESC",9,"Buildings",,,564000,"BuildingLevel","ClayStorage",,,,,,,,,,
"ClayStorageLevel10","TID_TECH_CLAY_STORAGE_LEVEL_2_TO_10","TID_TECH_CLAY_STORAGE_LEVEL_UPGRADE_DESC",10,"Buildings",,,576000,"BuildingLevel","ClayStorage",,,,,,,,,,
"HouseCount2","TID_TECH_HOUSE_COUNT_2","TID_TECH_HOUSE_COUNT_2_TO_10_DESC",2,"Buildings",,,60,"BuildingCount","House",,,,,,,,,,
"HouseCount3","TID_TECH_HOUSE_COUNT_3","TID_TECH_HOUSE_COUNT_2_TO_10_DESC",3,"Buildings",,,120,"BuildingCount","House",,,,,,,,,,
"HouseCount4","TID_TECH_HOUSE_COUNT_4","TID_TECH_HOUSE_COUNT_2_TO_10_DESC",4,"Buildings",,,1800,"BuildingCount","House",,,,,,,,,,
"HouseCount5","TID_TECH_HOUSE_COUNT_5","TID_TECH_HOUSE_COUNT_2_TO_10_DESC",5,"Buildings",,,48000,"BuildingCount","House",,,,,,,,,,
"HouseCount6","TID_TECH_HOUSE_COUNT_6","TID_TECH_HOUSE_COUNT_2_TO_10_DESC",6,"Buildings",,,204000,"BuildingCount","House",,,,,,,,,,
"HouseCount7","TID_TECH_HOUSE_COUNT_7","TID_TECH_HOUSE_COUNT_2_TO_10_DESC",7,"Buildings",,,258000,"BuildingCount","House",,,,,,,,,,
"HouseCount8","TID_TECH_HOUSE_COUNT_8","TID_TECH_HOUSE_COUNT_2_TO_10_DESC",8,"Buildings",,,600000,"BuildingCount","House",,,,,,,,,,
"HouseCount9","TID_TECH_HOUSE_COUNT_9","TID_TECH_HOUSE_COUNT_2_TO_10_DESC",9,"Buildings",,,600000,"BuildingCount","House",,,,,,,,,,
"HouseCount10","TID_TECH_HOUSE_COUNT_10","TID_TECH_HOUSE_COUNT_2_TO_10_DESC",10,"Buildings",,,600000,"BuildingCount","House",,,,,,,,,,
"HouseLevel2","TID_TECH_HOUSE_LEVEL_3_TO_10","TID_TECH_HOUSE_LEVEL_UPGRADE_DESC",2,"Buildings",,,20400,"BuildingLevel","House",,,,,,,,,,
"HouseLevel3","TID_TECH_HOUSE_LEVEL_3_TO_10","TID_TECH_HOUSE_LEVEL_UPGRADE_DESC",3,"Buildings",,,27600,"BuildingLevel","House",,,,,,,,,,
"HouseLevel4","TID_TECH_HOUSE_LEVEL_3_TO_10","TID_TECH_HOUSE_LEVEL_UPGRADE_DESC",4,"Buildings",,,57000,"BuildingLevel","House",,,,,,,,,,
"HouseLevel5","TID_TECH_HOUSE_LEVEL_3_TO_10","TID_TECH_HOUSE_LEVEL_UPGRADE_DESC",5,"Buildings",,,78000,"BuildingLevel","House",,,,,,,,,,
"HouseLevel6","TID_TECH_HOUSE_LEVEL_3_TO_10","TID_TECH_HOUSE_LEVEL_UPGRADE_DESC",6,"Buildings",,,90000,"BuildingLevel","House",,,,,,,,,,
"HouseLevel7","TID_TECH_HOUSE_LEVEL_3_TO_10","TID_TECH_HOUSE_LEVEL_UPGRADE_DESC",7,"Buildings",,,132000,"BuildingLevel","House",,,,,,,,,,
"HouseLevel8","TID_TECH_HOUSE_LEVEL_3_TO_10","TID_TECH_HOUSE_LEVEL_UPGRADE_DESC",8,"Buildings",,,150000,"BuildingLevel","House",,,,,,,,,,
"HouseLevel9","TID_TECH_HOUSE_LEVEL_3_TO_10","TID_TECH_HOUSE_LEVEL_UPGRADE_DESC",9,"Buildings",,,210000,"BuildingLevel","House",,,,,,,,,,
"HouseLevel10","TID_TECH_HOUSE_LEVEL_3_TO_10","TID_TECH_HOUSE_LEVEL_UPGRADE_DESC",10,"Buildings",,,246000,"BuildingLevel","House",,,,,,,,,,
"PumpkinFieldCount2","TID_TECH_PUMPKIN_FIELD_COUNT_1","TID_TECH_PUMPKIN_FIELD_1_DESC",2,"Buildings",,,900,"BuildingCount","PumpkinField",,,,,,,,,,
"PumpkinFieldCount3","TID_TECH_PUMPKIN_FIELD_COUNT_2","TID_TECH_PUMPKIN_FIELD_2_DESC",3,"Buildings",,,90000,"BuildingCount","PumpkinField",,,,,,,,,,
"PumpkinFieldCount4","TID_TECH_PUMPKIN_FIELD_COUNT_3","TID_TECH_PUMPKIN_FIELD_3_DESC",4,"Buildings",,,300000,"BuildingCount","PumpkinField",,,,,,,,,,
"SawmillCount1","TID_TECH_SAWMILL","TID_TECH_SAWMILL_DESC",1,"Buildings",,,384000,"BuildingCount","Sawmill",,,,,,,,,,
"SawmillLevel2","TID_TECH_SAWMILL_LEVEL_2_TO_5","TID_TECH_SAWMILL_LEVEL_UPGRADE_DESC",2,"Buildings",,,318000,"BuildingLevel","Sawmill",,,,,,,,,,
"SawmillLevel3","TID_TECH_SAWMILL_LEVEL_2_TO_5","TID_TECH_SAWMILL_LEVEL_UPGRADE_DESC",3,"Buildings",,,324000,"BuildingLevel","Sawmill",,,,,,,,,,
"SawmillLevel4","TID_TECH_SAWMILL_LEVEL_2_TO_5","TID_TECH_SAWMILL_LEVEL_UPGRADE_DESC",4,"Buildings",,,522000,"BuildingLevel","Sawmill",,,,,,,,,,
"SawmillLevel5","TID_TECH_SAWMILL_LEVEL_2_TO_5","TID_TECH_SAWMILL_LEVEL_UPGRADE_DESC",5,"Buildings",,,570000,"BuildingLevel","Sawmill",,,,,,,,,,
"StoneStorageCount1","TID_TECH_STONE","TID_TECH_STONE_DESC",1,"Buildings",,,17400,"BuildingCount","StoneStorage",,,,,"sc/background_images.sc","tech_image_stone",,,,
"StoneStorageCount2","TID_TECH_STONE_STORAGE_COUNT_2","TID_TECH_STONE_STORAGE_COUNT_2_DESC",2,"Buildings",,,90000,"BuildingCount","StoneStorage",,,,,,,,,,
"StoneStorageLevel2","TID_TECH_STONE_STORAGE_LEVEL_2_TO_6","TID_TECH_STONE_STORAGE_LEVEL_UPGRADE_DESC",2,"Buildings",,,25200,"BuildingLevel","StoneStorage",,,,,,,,,,
"StoneStorageLevel3","TID_TECH_STONE_STORAGE_LEVEL_2_TO_6","TID_TECH_STONE_STORAGE_LEVEL_UPGRADE_DESC",3,"Buildings",,,72000,"BuildingLevel","StoneStorage",,,,,,,,,,
"StoneStorageLevel4","TID_TECH_STONE_STORAGE_LEVEL_2_TO_6","TID_TECH_STONE_STORAGE_LEVEL_UPGRADE_DESC",4,"Buildings",,,108000,"BuildingLevel","StoneStorage",,,,,,,,,,
"StoneStorageLevel5","TID_TECH_STONE_STORAGE_LEVEL_2_TO_6","TID_TECH_STONE_STORAGE_LEVEL_UPGRADE_DESC",5,"Buildings",,,342000,"BuildingLevel","StoneStorage",,,,,,,,,,
"StoneStorageLevel6","TID_TECH_STONE_STORAGE_LEVEL_2_TO_6","TID_TECH_STONE_STORAGE_LEVEL_UPGRADE_DESC",6,"Buildings",,,564000,"BuildingLevel","StoneStorage",,,,,,,,,,
"TownSquareLevel2","TID_TECH_VILLAGE_KITCHEN_LEVEL_3_TO_12","TID_TECH_VILLAGE_KITCHEN_LEVEL_UPGRADE_DESC",2,"Buildings",,,60,"BuildingLevel","Town Hall",,,,,,,,,,
"TownSquareLevel3","TID_TECH_VILLAGE_KITCHEN_LEVEL_3_TO_12","TID_TECH_VILLAGE_KITCHEN_LEVEL_UPGRADE_DESC",3,"Buildings",,,1500,"BuildingLevel","Town Hall",,,,,,,,,,
"TownSquareLevel4","TID_TECH_VILLAGE_KITCHEN_LEVEL_3_TO_12","TID_TECH_VILLAGE_KITCHEN_LEVEL_UPGRADE_DESC",4,"Buildings",,,18000,"BuildingLevel","Town Hall",,,,,,,,,,
"TownSquareLevel5","TID_TECH_VILLAGE_KITCHEN_LEVEL_3_TO_12","TID_TECH_VILLAGE_KITCHEN_LEVEL_UPGRADE_DESC",5,"Buildings",,,120000,"BuildingLevel","Town Hall",,,,,,,,,,
"TownSquareLevel6","TID_TECH_VILLAGE_KITCHEN_LEVEL_3_TO_12","TID_TECH_VILLAGE_KITCHEN_LEVEL_UPGRADE_DESC",6,"Buildings",,,162000,"BuildingLevel","Town Hall",,,,,,,,,,
"TownSquareLevel7","TID_TECH_VILLAGE_KITCHEN_LEVEL_3_TO_12","TID_TECH_VILLAGE_KITCHEN_LEVEL_UPGRADE_DESC",7,"Buildings",,,192000,"BuildingLevel","Town Hall",,,,,,,,,,
"TownSquareLevel8","TID_TECH_VILLAGE_KITCHEN_LEVEL_3_TO_12","TID_TECH_VILLAGE_KITCHEN_LEVEL_UPGRADE_DESC",8,"Buildings",,,324000,"BuildingLevel","Town Hall",,,,,,,,,,
"TownSquareLevel9","TID_TECH_VILLAGE_KITCHEN_LEVEL_3_TO_12","TID_TECH_VILLAGE_KITCHEN_LEVEL_UPGRADE_DESC",9,"Buildings",,,390000,"BuildingLevel","Town Hall",,,,,,,,,,
"TownSquareLevel10","TID_TECH_VILLAGE_KITCHEN_LEVEL_3_TO_12","TID_TECH_VILLAGE_KITCHEN_LEVEL_UPGRADE_DESC",10,"Buildings",,,480000,"BuildingLevel","Town Hall",,,,,,,,,,
"TownSquareLevel11","TID_TECH_VILLAGE_KITCHEN_LEVEL_3_TO_12","TID_TECH_VILLAGE_KITCHEN_LEVEL_UPGRADE_DESC",11,"Buildings",,,492000,"BuildingLevel","Town Hall",,,,,,,,,,
"TownSquareLevel12","TID_TECH_VILLAGE_KITCHEN_LEVEL_3_TO_12","TID_TECH_VILLAGE_KITCHEN_LEVEL_UPGRADE_DESC",12,"Buildings",,,504000,"BuildingLevel","Town Hall",,,,,,,,,,
"FountainCount1","TID_TECH_FOUNTAIN_COUNT_1","TID_TECH_FOUNTAIN_COUNT_1_DESC",1,"Buildings",,,240,"BuildingCount","Fountain",,,,,,,,,,
"WoodStorageCount2","TID_TECH_WOOD_STORAGE_COUNT_2","TID_TECH_WOOD_STORAGE_COUNT_2_DESC",2,"Buildings",,,1800,"BuildingCount","WoodStorage",,,,,,,,,,
"WoodStorageCount3","TID_TECH_WOOD_STORAGE_COUNT_3","TID_TECH_WOOD_STORAGE_COUNT_3_DESC",3,"Buildings",,,102000,"BuildingCount","WoodStorage",,,,,,,,,,
"WoodStorageLevel2","TID_TECH_WOOD_STORAGE_LEVEL_3_TO_10","TID_TECH_WOOD_STORAGE_LEVEL_3_TO_10_DESC",2,"Buildings",,,60,"BuildingLevel","WoodStorage",,,,,,,,,,
"WoodStorageLevel3","TID_TECH_WOOD_STORAGE_LEVEL_3_TO_10","TID_TECH_WOOD_STORAGE_LEVEL_3_TO_10_DESC",3,"Buildings",,,600,"BuildingLevel","WoodStorage",,,,,,,,,,
"WoodStorageLevel4","TID_TECH_WOOD_STORAGE_LEVEL_3_TO_10","TID_TECH_WOOD_STORAGE_LEVEL_3_TO_10_DESC",4,"Buildings",,,39000,"BuildingLevel","WoodStorage",,,,,,,,,,
"WoodStorageLevel5","TID_TECH_WOOD_STORAGE_LEVEL_3_TO_10","TID_TECH_WOOD_STORAGE_LEVEL_3_TO_10_DESC",5,"Buildings",,,54000,"BuildingLevel","WoodStorage",,,,,,,,,,
"WoodStorageLevel6","TID_TECH_WOOD_STORAGE_LEVEL_3_TO_10","TID_TECH_WOOD_STORAGE_LEVEL_3_TO_10_DESC",6,"Buildings",,,216000,"BuildingLevel","WoodStorage",,,,,,,,,,
"WoodStorageLevel7","TID_TECH_WOOD_STORAGE_LEVEL_3_TO_10","TID_TECH_WOOD_STORAGE_LEVEL_3_TO_10_DESC",7,"Buildings",,,318000,"BuildingLevel","WoodStorage",,,,,,,,,,
"WoodStorageLevel8","TID_TECH_WOOD_STORAGE_LEVEL_3_TO_10","TID_TECH_WOOD_STORAGE_LEVEL_3_TO_10_DESC",8,"Buildings",,,474000,"BuildingLevel","WoodStorage",,,,,,,,,,
"WoodStorageLevel9","TID_TECH_WOOD_STORAGE_LEVEL_3_TO_10","TID_TECH_WOOD_STORAGE_LEVEL_3_TO_10_DESC",9,"Buildings",,,516000,"BuildingLevel","WoodStorage",,,,,,,,,,
"WoodStorageLevel10","TID_TECH_WOOD_STORAGE_LEVEL_3_TO_10","TID_TECH_WOOD_STORAGE_LEVEL_3_TO_10_DESC",10,"Buildings",,,546000,"BuildingLevel","WoodStorage",,,,,,,,,,
"ItemPotionNoFoodLevel1","TID_TECH_ITEM_POTION_NO_FOOD_LEVEL_1","TID_TECH_ITEM_POTION_NO_FOOD_LEVEL_1_DESC",1,"Buildings",,,60,"ToolTech",,,,"PotionNoFood","ToolTech1","sc/ui.sc","icon_potion_no_food_lvl_1",,,,
"ItemPotionNoFoodLevel2","TID_TECH_ITEM_POTION_NO_FOOD_LEVEL_2","TID_TECH_ITEM_POTION_NO_FOOD_LEVEL_2_DESC",2,"Buildings",,,102000,"ToolTech",,,,"PotionNoFood","ToolTech2","sc/ui.sc","icon_potion_no_food_lvl_2",,,,
"ItemPotionNoFoodLevel3","TID_TECH_ITEM_POTION_NO_FOOD_LEVEL_3","TID_TECH_ITEM_POTION_NO_FOOD_LEVEL_3_DESC",3,"Buildings",,,246000,"ToolTech",,,,"PotionNoFood","ToolTech3","sc/ui.sc","icon_potion_no_food_lvl_3",,,,
"ItemPotionSpeedBrickmakerLevel1","TID_TECH_ITEM_POTION_SPEED_BRICKMAKER_LEVEL_1","TID_TECH_ITEM_POTION_SPEED_BRICKMAKER_LEVEL_1_DESC",1,"Buildings",,,276000,"ToolTech",,,,"PotionSpeedBrickmaker","ToolTech1","sc/ui.sc","icon_potion_brick_maker_lvl_1",,,,
"ItemPotionSpeedBrickmakerLevel2","TID_TECH_ITEM_POTION_SPEED_BRICKMAKER_LEVEL_2","TID_TECH_ITEM_POTION_SPEED_BRICKMAKER_LEVEL_2_DESC",2,"Buildings",,,246000,"ToolTech",,,,"PotionSpeedBrickmaker","ToolTech2","sc/ui.sc","icon_potion_brick_maker_lvl_2",,,,
"ItemPotionSpeedBrickmakerLevel3","TID_TECH_ITEM_POTION_SPEED_BRICKMAKER_LEVEL_3","TID_TECH_ITEM_POTION_SPEED_BRICKMAKER_LEVEL_3_DESC",3,"Buildings",,,540000,"ToolTech",,,,"PotionSpeedBrickmaker","ToolTech3","sc/ui.sc","icon_potion_brick_maker_lvl_3",,,,
"ItemPotionSpeedClaydiggerLevel1","TID_TECH_ITEM_POTION_SPEED_CLAYDIGGER_LEVEL_1","TID_TECH_ITEM_POTION_SPEED_CLAYDIGGER_LEVEL_1_DESC",1,"Buildings",,,15000,"ToolTech",,,,"PotionSpeedClaydigger","ToolTech1","sc/ui.sc","icon_potion_digging_lvl_1",,,,
"ItemPotionSpeedClaydiggerLevel2","TID_TECH_ITEM_POTION_SPEED_CLAYDIGGER_LEVEL_2","TID_TECH_ITEM_POTION_SPEED_CLAYDIGGER_LEVEL_2_DESC",2,"Buildings",,,102000,"ToolTech",,,,"PotionSpeedClaydigger","ToolTech2","sc/ui.sc","icon_potion_digging_lvl_2",,,,
"ItemPotionSpeedClaydiggerLevel3","TID_TECH_ITEM_POTION_SPEED_CLAYDIGGER_LEVEL_3","TID_TECH_ITEM_POTION_SPEED_CLAYDIGGER_LEVEL_3_DESC",3,"Buildings",,,192000,"ToolTech",,,,"PotionSpeedClaydigger","ToolTech3","sc/ui.sc","icon_potion_digging_lvl_3",,,,
"ItemPotionSpeedFarmerLevel1","TID_TECH_ITEM_POTION_SPEED_FARMER_LEVEL_1","TID_TECH_ITEM_POTION_SPEED_FARMER_LEVEL_1_DESC",1,"Buildings",,,24000,"ToolTech",,,,"PotionSpeedFarmer","ToolTech1","sc/ui.sc","icon_potion_harvesting_lvl_1",,,,
"ItemPotionSpeedFarmerLevel2","TID_TECH_ITEM_POTION_SPEED_FARMER_LEVEL_2","TID_TECH_ITEM_POTION_SPEED_FARMER_LEVEL_2_DESC",2,"Buildings",,,48000,"ToolTech",,,,"PotionSpeedFarmer","ToolTech2","sc/ui.sc","icon_potion_harvesting_lvl_2",,,,
"ItemPotionSpeedFarmerLevel3","TID_TECH_ITEM_POTION_SPEED_FARMER_LEVEL_3","TID_TECH_ITEM_POTION_SPEED_FARMER_LEVEL_3_DESC",3,"Buildings",,,228000,"ToolTech",,,,"PotionSpeedFarmer","ToolTech3","sc/ui.sc","icon_potion_harvesting_lvl_3",,,,
"ItemPotionSpeedLumberjackLevel1","TID_TECH_ITEM_POTION_SPEED_LUMBERJACK_LEVEL_1","TID_TECH_ITEM_POTION_SPEED_LUMBERJACK_LEVEL_1_DESC",1,"Buildings",,,12000,"ToolTech",,,,"PotionSpeedLumberjack","ToolTech1","sc/ui.sc","icon_potion_woodcutting_lvl_1",,,,
"ItemPotionSpeedLumberjackLevel2","TID_TECH_ITEM_POTION_SPEED_LUMBERJACK_LEVEL_2","TID_TECH_ITEM_POTION_SPEED_LUMBERJACK_LEVEL_2_DESC",2,"Buildings",,,48000,"ToolTech",,,,"PotionSpeedLumberjack","ToolTech2","sc/ui.sc","icon_potion_woodcutting_lvl_2",,,,
"ItemPotionSpeedLumberjackLevel3","TID_TECH_ITEM_POTION_SPEED_LUMBERJACK_LEVEL_3","TID_TECH_ITEM_POTION_SPEED_LUMBERJACK_LEVEL_3_DESC",3,"Buildings",,,306000,"ToolTech",,,,"PotionSpeedLumberjack","ToolTech3","sc/ui.sc","icon_potion_woodcutting_lvl_3",,,,
"ItemPotionSpeedResearcherLevel1","TID_TECH_ITEM_POTION_SPEED_RESEARCHER_LEVEL_1","TID_TECH_ITEM_POTION_SPEED_RESEARCHER_LEVEL_1_DESC",1,"Buildings",,,30000,"ToolTech",,,,"PotionSpeedResearcher","ToolTech1","sc/ui.sc","icon_potion_research_lvl_1",,,,
"ItemPotionSpeedResearcherLevel2","TID_TECH_ITEM_POTION_SPEED_RESEARCHER_LEVEL_2","TID_TECH_ITEM_POTION_SPEED_RESEARCHER_LEVEL_2_DESC",2,"Buildings",,,72000,"ToolTech",,,,"PotionSpeedResearcher","ToolTech2","sc/ui.sc","icon_potion_research_lvl_2",,,,
"ItemPotionSpeedResearcherLevel3","TID_TECH_ITEM_POTION_SPEED_RESEARCHER_LEVEL_3","TID_TECH_ITEM_POTION_SPEED_RESEARCHER_LEVEL_3_DESC",3,"Buildings",,,360000,"ToolTech",,,,"PotionSpeedResearcher","ToolTech3","sc/ui.sc","icon_potion_research_lvl_3",,,,
"ItemPotionSpeedSawyerLevel1","TID_TECH_ITEM_POTION_SPEED_SAWYER_LEVEL_1","TID_TECH_ITEM_POTION_SPEED_SAWYER_LEVEL_1_DESC",1,"Buildings",,,456000,"ToolTech",,,,"PotionSpeedSawyer","ToolTech1","sc/ui.sc","icon_potion_plank_maker_lvl_1",,,,
"ItemPotionSpeedSawyerLevel2","TID_TECH_ITEM_POTION_SPEED_SAWYER_LEVEL_2","TID_TECH_ITEM_POTION_SPEED_SAWYER_LEVEL_2_DESC",2,"Buildings",,,348000,"ToolTech",,,,"PotionSpeedSawyer","ToolTech2","sc/ui.sc","icon_potion_plank_maker_lvl_2",,,,
"ItemPotionSpeedSawyerLevel3","TID_TECH_ITEM_POTION_SPEED_SAWYER_LEVEL_3","TID_TECH_ITEM_POTION_SPEED_SAWYER_LEVEL_3_DESC",3,"Buildings",,,534000,"ToolTech",,,,"PotionSpeedSawyer","ToolTech3","sc/ui.sc","icon_potion_plank_maker_lvl_3",,,,
"ItemPotionSpeedStonemasonLevel1","TID_TECH_ITEM_POTION_SPEED_STONEMASON_LEVEL_1","TID_TECH_ITEM_POTION_SPEED_STONEMASON_LEVEL_1_DESC",1,"Buildings",,,42000,"ToolTech",,,,"PotionSpeedStonemason","ToolTech1","sc/ui.sc","icon_potion_mining_lvl_1",,,,
"ItemPotionSpeedStonemasonLevel2","TID_TECH_ITEM_POTION_SPEED_STONEMASON_LEVEL_2","TID_TECH_ITEM_POTION_SPEED_STONEMASON_LEVEL_2_DESC",2,"Buildings",,,96000,"ToolTech",,,,"PotionSpeedStonemason","ToolTech2","sc/ui.sc","icon_potion_mining_lvl_2",,,,
"ItemPotionSpeedStonemasonLevel3","TID_TECH_ITEM_POTION_SPEED_STONEMASON_LEVEL_3","TID_TECH_ITEM_POTION_SPEED_STONEMASON_LEVEL_3_DESC",3,"Buildings",,,570000,"ToolTech",,,,"PotionSpeedStonemason","ToolTech3","sc/ui.sc","icon_potion_mining_lvl_3",,,,
"WarehouseCount1","TID_TECH_WAREHOUSE_COUNT_1","TID_TECH_WAREHOUSE_COUNT_1_DESC",1,"Buildings",,,480,"BuildingCount","Warehouse",,,,,,,,,,
"WarehouseLevel2","TID_TECH_WAREHOUSE_LEVEL_2_TO_10","TID_TECH_WAREHOUSE_LEVEL_2_TO_10_DESC",2,"Buildings",,,3000,"BuildingLevel","Warehouse",,,,,,,,,,
"WarehouseLevel3","TID_TECH_WAREHOUSE_LEVEL_2_TO_10","TID_TECH_WAREHOUSE_LEVEL_2_TO_10_DESC",3,"Buildings",,,12000,"BuildingLevel","Warehouse",,,,,,,,,,
"WarehouseLevel4","TID_TECH_WAREHOUSE_LEVEL_2_TO_10","TID_TECH_WAREHOUSE_LEVEL_2_TO_10_DESC",4,"Buildings",,,120000,"BuildingLevel","Warehouse",,,,,,,,,,
"WarehouseLevel5","TID_TECH_WAREHOUSE_LEVEL_2_TO_10","TID_TECH_WAREHOUSE_LEVEL_2_TO_10_DESC",5,"Buildings",,,120000,"BuildingLevel","Warehouse",,,,,,,,,,
"WarehouseLevel6","TID_TECH_WAREHOUSE_LEVEL_2_TO_10","TID_TECH_WAREHOUSE_LEVEL_2_TO_10_DESC",6,"Buildings",,,162000,"BuildingLevel","Warehouse",,,,,,,,,,
"WarehouseLevel7","TID_TECH_WAREHOUSE_LEVEL_2_TO_10","TID_TECH_WAREHOUSE_LEVEL_2_TO_10_DESC",7,"Buildings",,,318000,"BuildingLevel","Warehouse",,,,,,,,,,
"WarehouseLevel8","TID_TECH_WAREHOUSE_LEVEL_2_TO_10","TID_TECH_WAREHOUSE_LEVEL_2_TO_10_DESC",8,"Buildings",,,534000,"BuildingLevel","Warehouse",,,,,,,,,,
"WarehouseLevel9","TID_TECH_WAREHOUSE_LEVEL_2_TO_10","TID_TECH_WAREHOUSE_LEVEL_2_TO_10_DESC",9,"Buildings",,,564000,"BuildingLevel","Warehouse",,,,,,,,,,
"WarehouseLevel10","TID_TECH_WAREHOUSE_LEVEL_2_TO_10","TID_TECH_WAREHOUSE_LEVEL_2_TO_10_DESC",10,"Buildings",,,570000,"BuildingLevel","Warehouse",,,,,,,,,,
"TechRecipeBread","TID_TECH_RECIPE_BREAD","TID_TECH_RECIPE_BREAD_DESC",1,"Buildings",,,60,"CraftingRecipe",,,,,,,,"RecipeBread",,,
"TechRecipeBerryPie","TID_TECH_RECIPE_BERRYPIE","TID_TECH_RECIPE_BERRYPIE_DESC",1,"Buildings",,,3600,"CraftingRecipe",,,,,,,,"RecipeBerryPie",,,
"TechRecipeBerryCake","TID_TECH_RECIPE_BERRYCAKE","TID_TECH_RECIPE_BERRYCAKE_DESC",1,"Buildings",,,348000,"CraftingRecipe",,,,,,,,"RecipeBerryCake",,,
"TreasuryCount1","TID_TECH_TREASURY_COUNT_1","TID_TECH_TREASURY_COUNT_1_DESC",1,"Buildings",,,6000,"BuildingCount","Treasury",,,,,,,,,,
"TreasuryLevel2","TID_TECH_TREASURY_LEVEL_2_TO_10","TID_TECH_TREASURY_LEVEL_2_TO_10_DESC",2,"Buildings",,,15000,"BuildingLevel","Treasury",,,,,,,,,,
"TreasuryLevel3","TID_TECH_TREASURY_LEVEL_2_TO_10","TID_TECH_TREASURY_LEVEL_2_TO_10_DESC",3,"Buildings",,,18000,"BuildingLevel","Treasury",,,,,,,,,,
"TreasuryLevel4","TID_TECH_TREASURY_LEVEL_2_TO_10","TID_TECH_TREASURY_LEVEL_2_TO_10_DESC",4,"Buildings",,,48000,"BuildingLevel","Treasury",,,,,,,,,,
"TreasuryLevel5","TID_TECH_TREASURY_LEVEL_2_TO_10","TID_TECH_TREASURY_LEVEL_2_TO_10_DESC",5,"Buildings",,,96000,"BuildingLevel","Treasury",,,,,,,,,,
"TreasuryLevel6","TID_TECH_TREASURY_LEVEL_2_TO_10","TID_TECH_TREASURY_LEVEL_2_TO_10_DESC",6,"Buildings",,,102000,"BuildingLevel","Treasury",,,,,,,,,,
"TreasuryLevel7","TID_TECH_TREASURY_LEVEL_2_TO_10","TID_TECH_TREASURY_LEVEL_2_TO_10_DESC",7,"Buildings",,,180000,"BuildingLevel","Treasury",,,,,,,,,,
"TreasuryLevel8","TID_TECH_TREASURY_LEVEL_2_TO_10","TID_TECH_TREASURY_LEVEL_2_TO_10_DESC",8,"Buildings",,,402000,"BuildingLevel","Treasury",,,,,,,,,,
"TreasuryLevel9","TID_TECH_TREASURY_LEVEL_2_TO_10","TID_TECH_TREASURY_LEVEL_2_TO_10_DESC",9,"Buildings",,,444000,"BuildingLevel","Treasury",,,,,,,,,,
"TreasuryLevel10","TID_TECH_TREASURY_LEVEL_2_TO_10","TID_TECH_TREASURY_LEVEL_2_TO_10_DESC",10,"Buildings",,,504000,"BuildingLevel","Treasury",,,,,,,,,,
"FigurineWorkshopCount1","TID_TECH_FIGURINEWORKSHOP_COUNT_1","TID_TECH_FIGURINEWORKSHOP_COUNT_1_DESC",1,"Buildings",,,720,"BuildingCount","FigurineWorkshop",,,,,,,,,,
"PotteryWorkshopCount1","TID_TECH_POTTERYWORKSHOP_COUNT_1","TID_TECH_POTTERYWORKSHOP_COUNT_1_DESC",1,"Buildings",,,66000,"BuildingCount","PotteryWorkshop",,,,,,,,,,
"StatueWorkshopCount1","TID_TECH_STATUEWORKSHOP_COUNT_1","TID_TECH_STATUEWORKSHOP_COUNT_1_DESC",1,"Buildings",,,180000,"BuildingCount","StatueWorkshop",,,,,,,,,,
"JuicePressCount1","TID_TECH_JUICEPRESS_COUNT_1","TID_TECH_JUICEPRESS_COUNT_1_DESC",1,"Buildings",,,330000,"BuildingCount","JuicePress",,,,,,,,,,
"WindmillCount1","TID_TECH_WINDMILL_COUNT_1","TID_TECH_WINDMILL_COUNT_1_DESC",1,"Buildings",,,2100,"BuildingCount","Windmill",,,,,,,,,,
"BeehiveCount1","TID_TECH_BEEHIVE_COUNT_1","TID_TECH_BEEHIVE_COUNT_1_DESC",1,"Buildings",,,16800,"BuildingCount","Beehive",,,,,,,,,,
"BeehiveLevel2","TID_TECH_BEEHIVE_LEVEL_2","TID_TECH_BEEHIVE_LEVEL_2_TO_5_DESC",2,"Buildings",,,24000,"BuildingLevel","Beehive",,,,,,,,,,
"BeehiveLevel3","TID_TECH_BEEHIVE_LEVEL_3","TID_TECH_BEEHIVE_LEVEL_2_TO_5_DESC",3,"Buildings",,,57000,"BuildingLevel","Beehive",,,,,,,,,,
"BeehiveLevel4","TID_TECH_BEEHIVE_LEVEL_4","TID_TECH_BEEHIVE_LEVEL_2_TO_5_DESC",4,"Buildings",,,444000,"BuildingLevel","Beehive",,,,,,,,,,
"BeehiveLevel5","TID_TECH_BEEHIVE_LEVEL_5","TID_TECH_BEEHIVE_LEVEL_2_TO_5_DESC",5,"Buildings",,,498000,"BuildingLevel","Beehive",,,,,,,,,,
"AppleTreeGroveCount1","TID_TECH_APPLETREEGROVE_COUNT_1","TID_TECH_APPLETREEGROVE_COUNT_1_DESC",1,"Buildings",,,102000,"BuildingCount","AppleTreeGrove",,,,,,,,,,
"TechRecipeSugarApple","TID_TECH_RECIPE_SUGARAPPLE","TID_TECH_RECIPE_SUGARAPPLE_DESC",1,"Buildings",,,78000,"CraftingRecipe",,,,,,,,"RecipeSugarApple",,,
"TechRecipeHoneyCookie","TID_TECH_RECIPE_HONEYCOOKIE","TID_TECH_RECIPE_HONEYCOOKIE_DESC",1,"Buildings",,,13800,"CraftingRecipe",,,,,,,,"RecipeHoneyCookie",,,
"TechRecipeFishPie","TID_TECH_RECIPE_FISHPIE","TID_TECH_RECIPE_FISHPIE_DESC",1,"Buildings",,,102000,"CraftingRecipe",,,,,,,,"RecipeFishPie",,,
"TechRecipeApplePie","TID_TECH_RECIPE_APPLEPIE","TID_TECH_RECIPE_APPLEPIE_DESC",1,"Buildings",,,114000,"CraftingRecipe",,,,,,,,"RecipeApplePie",,,
"TechRecipeCakeRoyale","TID_TECH_RECIPE_CAKEROYALE","TID_TECH_RECIPE_CAKEROYALE_DESC",1,"Buildings",,,570000,"CraftingRecipe",,,,,,,,"RecipeCakeRoyale",,,
"TechRecipeSaltedFish","TID_TECH_RECIPE_SALTEDFISH","TID_TECH_RECIPE_SALTEDFISH_DESC",1,"Buildings",,,78000,"CraftingRecipe",,,,,,,,"RecipeSaltedFish",,,
"TechRecipeSaltPot","TID_TECH_RECIPE_SALTPOT","TID_TECH_RECIPE_SALTPOT_DESC",1,"Buildings",,,51000,"CraftingRecipe",,,,,,,,"RecipeSaltPot",,,
"TechRecipeHoneyPot","TID_TECH_RECIPE_HONEYPOT","TID_TECH_RECIPE_HONEYPOT_DESC",1,"Buildings",,,60,"CraftingRecipe",,,,,,,,"RecipeHoneyPot",,,
"TechRecipeAppleJam","TID_TECH_RECIPE_APPLEJAM","TID_TECH_RECIPE_APPLEJAM_DESC",1,"Buildings",,,246000,"CraftingRecipe",,,,,,,,"RecipeAppleJam",,,
"TechRecipeSweetHerring","TID_TECH_RECIPE_SWEETHERRING","TID_TECH_RECIPE_SWEETHERRING_DESC",1,"Buildings",,,174000,"CraftingRecipe",,,,,,,,"RecipeSweetHerring",,,
"TechRecipeDyeRed","TID_TECH_RECIPE_DYERED","TID_TECH_RECIPE_DYERED_DESC",1,"Buildings",,,60,"CraftingRecipe",,,,,,,,"RecipeDyeRed",,,
"TechRecipeDyeYellow","TID_TECH_RECIPE_DYEYELLOW","TID_TECH_RECIPE_DYEYELLOW_DESC",1,"Buildings",,,60,"CraftingRecipe",,,,,,,,"RecipeDyeYellow",,,
"TechRecipeDyeBlue","TID_TECH_RECIPE_DYEBLUE","TID_TECH_RECIPE_DYEBLUE_DESC",1,"Buildings",,,60,"CraftingRecipe",,,,,,,,"RecipeDyeBlue",,,
"TechRecipeDyeGreen","TID_TECH_RECIPE_DYEGREEN","TID_TECH_RECIPE_DYEGREEN_DESC",1,"Buildings",,,150000,"CraftingRecipe",,,,,,,,"RecipeDyeGreen",,,
"TechRecipeDyeOrange","TID_TECH_RECIPE_DYEORANGE","TID_TECH_RECIPE_DYEORANGE_DESC",1,"Buildings",,,162000,"CraftingRecipe",,,,,,,,"RecipeDyeOrange",,,
"TechRecipeDyePurple","TID_TECH_RECIPE_DYEPURPLE","TID_TECH_RECIPE_DYEPURPLE_DESC",1,"Buildings",,,156000,"CraftingRecipe",,,,,,,,"RecipeDyePurple",,,
"TechRecipeDyeRainbow","TID_TECH_RECIPE_DYERAINBOW","TID_TECH_RECIPE_DYERAINBOW_DESC",1,"Buildings",,,390000,"CraftingRecipe",,,,,,,,"RecipeDyeRainbow",,,
"TechRecipePlushie","TID_TECH_RECIPE_PLUSHIE","TID_TECH_RECIPE_PLUSHIE_DESC",1,"Buildings",,,60,"CraftingRecipe",,,,,,,,"RecipePlushie",,,
"TechRecipeRuneGame","TID_TECH_RECIPE_RUNEGAME","TID_TECH_RECIPE_RUNEGAME_DESC",1,"Buildings",,,300000,"CraftingRecipe",,,,,,,,"RecipeRuneGame",,,
"TechRecipeWoodenDuck","TID_TECH_RECIPE_WOODENDUCK","TID_TECH_RECIPE_WOODENDUCK_DESC",1,"Buildings",,,444000,"CraftingRecipe",,,,,,,,"RecipeWoodenDuck",,,
"TechRecipeMarbles","TID_TECH_RECIPE_MARBLES","TID_TECH_RECIPE_MARBLES_DESC",1,"Buildings",,,438000,"CraftingRecipe",,,,,,,,"RecipeMarbles",,,
"TechRecipeWoodenDoll","TID_TECH_RECIPE_WOODENDOLL","TID_TECH_RECIPE_WOODENDOLL_DESC",1,"Buildings",,,402000,"CraftingRecipe",,,,,,,,"RecipeWoodenDoll",,,
"TechRecipeSocks","TID_TECH_RECIPE_SOCKS","TID_TECH_RECIPE_SOCKS_DESC",1,"Buildings",,,60,"CraftingRecipe",,,,,,,,"RecipeSocks",,,
"TechRecipeTrousers","TID_TECH_RECIPE_TROUSERS","TID_TECH_RECIPE_TROUSERS_DESC",1,"Buildings",,,21600,"CraftingRecipe",,,,,,,,"RecipeTrousers",,,
"TechRecipeHat","TID_TECH_RECIPE_HAT","TID_TECH_RECIPE_HAT_DESC",1,"Buildings",,,240000,"CraftingRecipe",,,,,,,,"RecipeHat",,,
"TechRecipeTunic","TID_TECH_RECIPE_TUNIC","TID_TECH_RECIPE_TUNIC_DESC",1,"Buildings",,,78000,"CraftingRecipe",,,,,,,,"RecipeTunic",,,
"TechRecipeShirt","TID_TECH_RECIPE_SHIRT","TID_TECH_RECIPE_SHIRT_DESC",1,"Buildings",,,372000,"CraftingRecipe",,,,,,,,"RecipeShirt",,,
"TechRecipeDress","TID_TECH_RECIPE_DRESS","TID_TECH_RECIPE_DRESS_DESC",1,"Buildings",,,372000,"CraftingRecipe",,,,,,,,"RecipeDress",,,
"TechRecipeJacket","TID_TECH_RECIPE_JACKET","TID_TECH_RECIPE_JACKET_DESC",1,"Buildings",,,300000,"CraftingRecipe",,,,,,,,"RecipeJacket",,,
"TechRecipeRainbowSuit","TID_TECH_RECIPE_RAINBOWSUIT","TID_TECH_RECIPE_RAINBOWSUIT_DESC",1,"Buildings",,,564000,"CraftingRecipe",,,,,,,,"RecipeRainbowSuit",,,
"PumpkinFieldCount1","TID_TECH_PUMPKIN_FIELD_COUNT_1","TID_TECH_PUMPKIN_FIELD_1_DESC",1,"Buildings",,,300,"BuildingCount","PumpkinField",,,,,,,,,,
"ClayPitCount1","TID_TECH_CLAY_PIT","TID_TECH_CLAY_PIT_DESC",1,"Buildings",,,480,"BuildingCount","ClayPit",,,,,,,,,,
"ManagedForestCount1","TID_TECH_MANAGED_FOREST","TID_TECH_MANAGED_FOREST_DESC",1,"Buildings",,,480,"BuildingCount","ManagedForest",,,,,,,,,,
"StoneMineCount1","TID_TECH_STONE_MINE","TID_TECH_STONE_MINE_DESC",1,"Buildings",,,15000,"BuildingCount","StoneMine",,,,,,,,,,
"Nation","TID_TECH_NATION","TID_TECH_NATION_DESC",,,,,1200,"Custom",,,,,,"sc/background_images.sc","tech_image_valley_open",,,,"TRUE"
"Education","TID_TECH_EDUCATION","TID_TECH_EDUCATION_DESC",,,,,45000,"Custom",,,,,,"sc/ui.sc","icon_professions_tech_node",,,,
"LibraryCount1","TID_TECH_LIBRARY_COUNT_1","TID_TECH_LIBRARY_COUNT_1_DESC",1,"Buildings",,,0,"BuildingCount","Library",,,,,,,,"House",2,
"SmelterCount1","TID_TECH_SMELTER_COUNT_1","TID_TECH_SMELTER_COUNT_1_DESC",1,"Buildings",,,240000,"BuildingCount","Smelter",,,,,,,,,,
"VillageTechBranchIcebergIsles1","TID_TECH_VILLAGE_TECH_BRANCH_ICEBERG_ISLES_1","TID_TECH_VILLAGE_TECH_BRANCH_ICEBERG_ISLES_1_DESC",,,,,60,"TradePartner",,"TradePartner004_IcebergIsles",,,,,,,,,
"TechRecipeNails","TID_TECH_RECIPE_NAILS","TID_TECH_RECIPE_NAILS_DESC",1,"Buildings",,,162000,"CraftingRecipe",,,,,,,,"RecipeNails",,,
"TechRecipeReinforcedPlank","TID_TECH_RECIPE_REINFORCEDPLANK","TID_TECH_RECIPE_REINFORCEDPLANK_DESC",1,"Buildings",,,282000,"CraftingRecipe",,,,,,,,"RecipeReinforcedPlank",,,
"TechRecipeIronSculpture","TID_TECH_RECIPE_IRONSCULPTURE","TID_TECH_RECIPE_IRONSCULPTURE_DESC",1,"Buildings",,,60,"CraftingRecipe",,,,,,,,"RecipeIronSculpture",,,
"TechRecipePickledEggs","TID_TECH_RECIPE_PICKLEDEGGS","TID_TECH_RECIPE_PICKLEDEGGS_DESC",1,"Buildings",,,108000,"CraftingRecipe",,,,,,,,"RecipePickledEggs",,,
"VillageTechBranchGlimmeringDales1","TID_TECH_VILLAGE_TECH_BRANCH_GLIMMERING_DALES_1","TID_TECH_VILLAGE_TECH_BRANCH_GLIMMERING_DALES_1_DESC",,,,,60,"TradePartner",,"TradePartner001_GlimmeringDales",,,,,,,,,
"VillageTechBranchHighlandAcademy1","TID_TECH_VILLAGE_TECH_BRANCH_HIGHLAND_ACADEMY_1","TID_TECH_VILLAGE_TECH_BRANCH_HIGHLAND_ACADEMY_1_DESC",,,,,60,"TradePartner",,"TradePartner002_HighlandAcademy",,,,,,,,,
"VillageTechBranchSummeryWoods1","TID_TECH_VILLAGE_TECH_BRANCH_SUMMERY_WOODS_1","TID_TECH_VILLAGE_TECH_BRANCH_SUMMERY_WOODS_1_DESC",,,,,60,"TradePartner",,"TradePartner003_SummeryWoods",,,,,,,,,
"SmelterLevel2","TID_TECH_SMELTER_LEVEL_2_TO_5","TID_TECH_SMELTER_LEVEL_UPGRADE_DESC",2,"Buildings",,,198000,"BuildingLevel","Smelter",,,,,,,,,,
"SmelterLevel3","TID_TECH_SMELTER_LEVEL_2_TO_5","TID_TECH_SMELTER_LEVEL_UPGRADE_DESC",3,"Buildings",,,258000,"BuildingLevel","Smelter",,,,,,,,,,
"SmelterLevel4","TID_TECH_SMELTER_LEVEL_2_TO_5","TID_TECH_SMELTER_LEVEL_UPGRADE_DESC",4,"Buildings",,,348000,"BuildingLevel","Smelter",,,,,,,,,,
"SmelterLevel5","TID_TECH_SMELTER_LEVEL_2_TO_5","TID_TECH_SMELTER_LEVEL_UPGRADE_DESC",5,"Buildings",,,546000,"BuildingLevel","Smelter",,,,,,,,,,
"VillageTechBranchHighlandAcademy2","TID_TECH_VILLAGE_TECH_BRANCH_HIGHLAND_ACADEMY_1","TID_TECH_VILLAGE_TECH_BRANCH_HIGHLAND_ACADEMY_1_DESC",,,,,60,"TradePartner",,"TradePartner002_HighlandAcademy",,,,,,,,,
"VillageTechBranchHighlandAcademy3","TID_TECH_VILLAGE_TECH_BRANCH_HIGHLAND_ACADEMY_1","TID_TECH_VILLAGE_TECH_BRANCH_HIGHLAND_ACADEMY_1_DESC",,,,,60,"TradePartner",,"TradePartner002_HighlandAcademy",,,,,,,,,
"VillageTechBranchIcebergIsles2","TID_TECH_VILLAGE_TECH_BRANCH_ICEBERG_ISLES_1","TID_TECH_VILLAGE_TECH_BRANCH_ICEBERG_ISLES_1_DESC",,,,,60,"TradePartner",,"TradePartner004_IcebergIsles",,,,,,,,,
"VillageTechBranchIcebergIsles3","TID_TECH_VILLAGE_TECH_BRANCH_ICEBERG_ISLES_1","TID_TECH_VILLAGE_TECH_BRANCH_ICEBERG_ISLES_1_DESC",,,,,60,"TradePartner",,"TradePartner004_IcebergIsles",,,,,,,,,
"VillageTechBranchIcebergIsles4","TID_TECH_VILLAGE_TECH_BRANCH_ICEBERG_ISLES_1","TID_TECH_VILLAGE_TECH_BRANCH_ICEBERG_ISLES_1_DESC",,,,,60,"TradePartner",,"TradePartner004_IcebergIsles",,,,,,,,,
"VillageTechBranchIcebergIsles5","TID_TECH_VILLAGE_TECH_BRANCH_ICEBERG_ISLES_1","TID_TECH_VILLAGE_TECH_BRANCH_ICEBERG_ISLES_1_DESC",,,,,60,"TradePartner",,"TradePartner004_IcebergIsles",,,,,,,,,
"VillageTechBranchSummeryWoods2","TID_TECH_VILLAGE_TECH_BRANCH_SUMMERY_WOODS_1","TID_TECH_VILLAGE_TECH_BRANCH_SUMMERY_WOODS_1_DESC",,,,,60,"TradePartner",,"TradePartner003_SummeryWoods",,,,,,,,,
"VillageTechBranchGlimmeringDales2","TID_TECH_VILLAGE_TECH_BRANCH_GLIMMERING_DALES_1","TID_TECH_VILLAGE_TECH_BRANCH_GLIMMERING_DALES_1_DESC",,,,,60,"TradePartner",,"TradePartner001_GlimmeringDales",,,,,,,,,
"HouseCount11","TID_TECH_HOUSE_COUNT_11","TID_TECH_HOUSE_COUNT_2_TO_10_DESC",11,"Buildings",,,600000,"BuildingCount","House",,,,,,,,,,
"BrickyardLevel6","TID_TECH_BRICK_YARD_LEVEL_2_TO_5","TID_TECH_BRICK_YARD_LEVEL_UPGRADE_DESC",6,"Buildings",,,600000,"BuildingLevel","BrickYard",,,,,,,,,,
"SawmillLevel6","TID_TECH_SAWMILL_LEVEL_2_TO_5","TID_TECH_SAWMILL_LEVEL_UPGRADE_DESC",6,"Buildings",,,600000,"BuildingLevel","Sawmill",,,,,,,,,,
"WoodStorageLevel11","TID_TECH_WOOD_STORAGE_LEVEL_3_TO_10","TID_TECH_WOOD_STORAGE_LEVEL_3_TO_10_DESC",11,"Buildings",,,576000,"BuildingLevel","WoodStorage",,,,,,,,,,
"WoodStorageLevel12","TID_TECH_WOOD_STORAGE_LEVEL_3_TO_10","TID_TECH_WOOD_STORAGE_LEVEL_3_TO_10_DESC",12,"Buildings",,,582000,"BuildingLevel","WoodStorage",,,,,,,,,,
"ClayStorageLevel11","TID_TECH_CLAY_STORAGE_LEVEL_2_TO_10","TID_TECH_CLAY_STORAGE_LEVEL_UPGRADE_DESC",11,"Buildings",,,600000,"BuildingLevel","ClayStorage",,,,,,,,,,
"ClayStorageLevel12","TID_TECH_CLAY_STORAGE_LEVEL_2_TO_10","TID_TECH_CLAY_STORAGE_LEVEL_UPGRADE_DESC",12,"Buildings",,,600000,"BuildingLevel","ClayStorage",,,,,,,,,,
"StoneStorageLevel7","TID_TECH_STONE_STORAGE_LEVEL_2_TO_6","TID_TECH_STONE_STORAGE_LEVEL_UPGRADE_DESC",7,"Buildings",,,594000,"BuildingLevel","StoneStorage",,,,,,,,,,
"StoneStorageLevel8","TID_TECH_STONE_STORAGE_LEVEL_2_TO_6","TID_TECH_STONE_STORAGE_LEVEL_UPGRADE_DESC",8,"Buildings",,,600000,"BuildingLevel","StoneStorage",,,,,,,,,,
"TreasuryLevel11","TID_TECH_TREASURY_LEVEL_2_TO_10","TID_TECH_TREASURY_LEVEL_2_TO_10_DESC",11,"Buildings",,,534000,"BuildingLevel","Treasury",,,,,,,,,,
"TreasuryLevel12","TID_TECH_TREASURY_LEVEL_2_TO_10","TID_TECH_TREASURY_LEVEL_2_TO_10_DESC",12,"Buildings",,,570000,"BuildingLevel","Treasury",,,,,,,,,,
"TreasuryLevel13","TID_TECH_TREASURY_LEVEL_2_TO_10","TID_TECH_TREASURY_LEVEL_2_TO_10_DESC",13,"Buildings",,,600000,"BuildingLevel","Treasury",,,,,,,,,,
"TreasuryLevel14","TID_TECH_TREASURY_LEVEL_2_TO_10","TID_TECH_TREASURY_LEVEL_2_TO_10_DESC",14,"Buildings",,,600000,"BuildingLevel","Treasury",,,,,,,,,,
"FountainLevel2","TID_TECH_FOUNTAIN_LEVEL_2_TO_4","TID_TECH_FOUNTAIN_LEVEL_2_TO_4_DESC",2,"Buildings",,,600000,"BuildingLevel","Fountain",,,,,,,,,,
"FountainLevel3","TID_TECH_FOUNTAIN_LEVEL_2_TO_4","TID_TECH_FOUNTAIN_LEVEL_2_TO_4_DESC",3,"Buildings",,,600000,"BuildingLevel","Fountain",,,,,,,,,,
"FountainLevel4","TID_TECH_FOUNTAIN_LEVEL_2_TO_4","TID_TECH_FOUNTAIN_LEVEL_2_TO_4_DESC",4,"Buildings",,,600000,"BuildingLevel","Fountain",,,,,,,,,,
"SilkWeaverCount1","TID_TECH_SILKWEAVER_COUNT_1","TID_TECH_SILKWEAVER_COUNT_1_DESC",1,"Buildings",,,600000,"BuildingCount","SilkWeaver",,,,,,,,,,
"SilkSpoolMakerCount1","TID_TECH_SILKSPOOLMAKER_COUNT_1","TID_TECH_SILKSPOOLMAKER_COUNT_1_DESC",1,"Buildings",,,600000,"BuildingCount","SilkSpoolMaker",,,,,,,,,,
"ChocolatierCount1","TID_TECH_CHOCOLATIER_COUNT_1","TID_TECH_CHOCOLATIER_COUNT_1_DESC",1,"Buildings",,,600000,"BuildingCount","Chocolatier",,,,,,,,,,
"CowShedCount1","TID_TECH_COWSHED_COUNT_1","TID_TECH_COWSHED_COUNT_1_DESC",1,"Buildings",,,576000,"BuildingCount","CowShed",,,,,,,,,,
"ItemPotionSpeedBuilderLevel1","TID_TECH_ITEM_POTION_SPEED_BUILDER_LEVEL_1","TID_TECH_ITEM_POTION_SPEED_BUILDER_LEVEL_1_DESC",1,"Buildings",,,66000,"ToolTech",,,,"PotionSpeedBuilder","ToolTech1","sc/ui.sc","icon_potion_construction_lvl_1",,,,
"ItemPotionSpeedBuilderLevel2","TID_TECH_ITEM_POTION_SPEED_BUILDER_LEVEL_2","TID_TECH_ITEM_POTION_SPEED_BUILDER_LEVEL_2_DESC",2,"Buildings",,,234000,"ToolTech",,,,"PotionSpeedBuilder","ToolTech2","sc/ui.sc","icon_potion_construction_lvl_2",,,,
"ItemPotionSpeedBuilderLevel3","TID_TECH_ITEM_POTION_SPEED_BUILDER_LEVEL_3","TID_TECH_ITEM_POTION_SPEED_BUILDER_LEVEL_3_DESC",3,"Buildings",,,582000,"ToolTech",,,,"PotionSpeedBuilder","ToolTech3","sc/ui.sc","icon_potion_construction_lvl_3",,,,
"ItemPotionSpeedAnimalHandlingLevel1","TID_TECH_ITEM_POTION_SPEED_ANIMALHANDLING_LEVEL_1","TID_TECH_ITEM_POTION_SPEED_ANIMALHANDLING_LEVEL_1_DESC",1,"Buildings",,,444000,"ToolTech",,,,"PotionSpeedAnimalHandling","ToolTech1","sc/ui.sc","icon_potion_animal_handling_lvl_1",,,,
"ItemPotionSpeedAnimalHandlingLevel2","TID_TECH_ITEM_POTION_SPEED_ANIMALHANDLING_LEVEL_2","TID_TECH_ITEM_POTION_SPEED_ANIMALHANDLING_LEVEL_2_DESC",2,"Buildings",,,600000,"ToolTech",,,,"PotionSpeedAnimalHandling","ToolTech2","sc/ui.sc","icon_potion_animal_handling_lvl_2",,,,
"ItemPotionSpeedAnimalHandlingLevel3","TID_TECH_ITEM_POTION_SPEED_ANIMALHANDLING_LEVEL_3","TID_TECH_ITEM_POTION_SPEED_ANIMALHANDLING_LEVEL_3_DESC",3,"Buildings",,,600000,"ToolTech",,,,"PotionSpeedAnimalHandling","ToolTech3","sc/ui.sc","icon_potion_animal_handling_lvl_3",,,,
"AnimalHandlingSkillUnlock","TID_TECH_SKILL_ANIMALHANDLING","TID_TECH_SKILL_ANIMALHANDLING_DESC",,,,,600000,"SkillUnlock",,,"AnimalHandling",,,"sc/ui.sc","icon_profession_animal_handling",,,,
"TechRecipeCream","TID_TECH_RECIPE_CREAM","TID_TECH_RECIPE_CREAM_DESC",1,"Buildings",,,60,"CraftingRecipe",,,,,,,,"RecipeCream",,,
"TechRecipeButter","TID_TECH_RECIPE_BUTTER","TID_TECH_RECIPE_BUTTER_DESC",1,"Buildings",,,390000,"CraftingRecipe",,,,,,,,"RecipeButter",,,
"TechRecipeCheese","TID_TECH_RECIPE_CHEESE","TID_TECH_RECIPE_CHEESE_DESC",1,"Buildings",,,528000,"CraftingRecipe",,,,,,,,"RecipeCheese",,,
"TechRecipeChocolateMousse","TID_TECH_RECIPE_CHOCOLATEMOUSSE","TID_TECH_RECIPE_CHOCOLATEMOUSSE_DESC",1,"Buildings",,,486000,"CraftingRecipe",,,,,,,,"RecipeChocolateMousse",,,
"TechRecipeMudcake","TID_TECH_RECIPE_MUDCAKE","TID_TECH_RECIPE_MUDCAKE_DESC",1,"Buildings",,,528000,"CraftingRecipe",,,,,,,,"RecipeMudcake",,,
"TechRecipeGrilledCheese","TID_TECH_RECIPE_GRILLEDCHEESE","TID_TECH_RECIPE_GRILLEDCHEESE_DESC",1,"Buildings",,,588000,"CraftingRecipe",,,,,,,,"RecipeGrilledCheese",,,
"TechRecipeJellyBeans","TID_TECH_RECIPE_JELLYBEANS","TID_TECH_RECIPE_JELLYBEANS_DESC",1,"Buildings",,,60,"CraftingRecipe",,,,,,,,"RecipeJellyBeans",,,
"TechRecipeCottonCandy","TID_TECH_RECIPE_COTTONCANDY","TID_TECH_RECIPE_COTTONCANDY_DESC",1,"Buildings",,,474000,"CraftingRecipe",,,,,,,,"RecipeCottonCandy",,,
"TechRecipeRaspberryBar","TID_TECH_RECIPE_RASPBERRYBAR","TID_TECH_RECIPE_RASPBERRYBAR_DESC",1,"Buildings",,,480000,"CraftingRecipe",,,,,,,,"RecipeRaspberryBar",,,
"TechRecipeChocolateHerring","TID_TECH_RECIPE_CHOCOLATEHERRING","TID_TECH_RECIPE_CHOCOLATEHERRING_DESC",1,"Buildings",,,558000,"CraftingRecipe",,,,,,,,"RecipeChocolateHerring",,,
"TechRecipeChocolatePralines","TID_TECH_RECIPE_CHOCOLATEPRALINES","TID_TECH_RECIPE_CHOCOLATEPRALINES_DESC",1,"Buildings",,,504000,"CraftingRecipe",,,,,,,,"RecipeChocolatePralines",,,
"TechRecipeFudge","TID_TECH_RECIPE_FUDGE","TID_TECH_RECIPE_FUDGE_DESC",1,"Buildings",,,600000,"CraftingRecipe",,,,,,,,"RecipeFudge",,,
"TechRecipePreservedCheese","TID_TECH_RECIPE_PRESERVEDCHEESE","TID_TECH_RECIPE_PRESERVEDCHEESE_DESC",1,"Buildings",,,552000,"CraftingRecipe",,,,,,,,"RecipePreservedCheese",,,
"TechRecipeYoghurt","TID_TECH_RECIPE_YOGHURT","TID_TECH_RECIPE_YOGHURT_DESC",1,"Buildings",,,432000,"CraftingRecipe",,,,,,,,"RecipeYoghurt",,,
"TechRecipeSilkScarf","TID_TECH_RECIPE_SILKSCARF","TID_TECH_RECIPE_SILKSCARF_DESC",1,"Buildings",,,480000,"CraftingRecipe",,,,,,,,"RecipeSilkScarf",,,
"TechRecipeSilkTie","TID_TECH_RECIPE_SILKTIE","TID_TECH_RECIPE_SILKTIE_DESC",1,"Buildings",,,510000,"CraftingRecipe",,,,,,,,"RecipeSilkTie",,,
"TechRecipeFancyDoll","TID_TECH_RECIPE_FANCYDOLL","TID_TECH_RECIPE_FANCYDOLL_DESC",1,"Buildings",,,486000,"CraftingRecipe",,,,,,,,"RecipeFancyDoll",,,
"TechRecipeIronToy","TID_TECH_RECIPE_IRONTOY","TID_TECH_RECIPE_IRONTOY_DESC",1,"Buildings",,,486000,"CraftingRecipe",,,,,,,,"RecipeIronToy",,,
"VillageTechBranchPrairiePlains1","TID_TECH_VILLAGE_TECH_BRANCH_PRAIRIE_PLAINS_1","TID_TECH_VILLAGE_TECH_BRANCH_PRAIRIE_PLAINS_1_DESC",,,,,60,"TradePartner",,"TradePartner005_PrairiePlains",,,,,,,,,
"VillageTechBranchPrairiePlains2","TID_TECH_VILLAGE_TECH_BRANCH_PRAIRIE_PLAINS_1","TID_TECH_VILLAGE_TECH_BRANCH_PRAIRIE_PLAINS_1_DESC",,,,,60,"TradePartner",,"TradePartner005_PrairiePlains",,,,,,,,,
"VillageTechBranchPrairiePlains3","TID_TECH_VILLAGE_TECH_BRANCH_PRAIRIE_PLAINS_1","TID_TECH_VILLAGE_TECH_BRANCH_PRAIRIE_PLAINS_1_DESC",,,,,60,"TradePartner",,"TradePartner005_PrairiePlains",,,,,,,,,
"VillageTechBranchPrairiePlains4","TID_TECH_VILLAGE_TECH_BRANCH_PRAIRIE_PLAINS_1","TID_TECH_VILLAGE_TECH_BRANCH_PRAIRIE_PLAINS_1_DESC",,,,,60,"TradePartner",,"TradePartner005_PrairiePlains",,,,,,,,,
