"Carolina_2",,,,,,,,,,,,,,,,,
,"Name","SCW","StartFrame","EndFrame","Looping","IncludeInLowMem","VariationWeight","RepeatMin","RepeatMax","RandomOffsetPct","Effect","EffectFrame","AttachmentUseCarryPivot","PropPrimary","PropSecondary","VariationParam","VariationStyle"
,"String","String","int","int","boolean","boolean","int","int","int","int","String","int","boolean","String","String","String","String"
,"Idle","sc3d/char_villager_idle_stand_anim.glb",,,"TRUE",,3,2,3,50,,,"TRUE",,,,
,,"sc3d/char_villager_idle_stand_fidget_01_anim.glb",,,"TRUE",,1,1,1,,,,"TRUE",,,,
,,"sc3d/char_villager_idle_stand_fidget_02_anim.glb",,,"TRUE",,1,1,1,,,,"TRUE",,,,
,,"sc3d/char_villager_idle_stand_fidget_03_anim.glb",,,"TRUE",,1,1,1,,,,"TRUE",,,,
,,"sc3d/char_villager_idle_stand_fidget_04_anim.glb",,,"TRUE",,1,1,1,,,,"TRUE",,,,
,,"sc3d/char_villager_idle_stand_fidget_05_anim.glb",,,"TRUE",,1,1,1,,,,"TRUE",,,,
,,"sc3d/char_villager_idle_stand_fidget_06_anim.glb",,,"TRUE",,1,1,1,,,,"TRUE",,,,
,,"sc3d/char_villager_idle_stand_fidget_07_anim.glb",,,"TRUE",,1,1,1,,,,"TRUE",,,,
,,"sc3d/char_villager_idle_stand_fidget_08_anim.glb",,,"TRUE",,1,1,1,,,,"TRUE",,,,
,,"sc3d/char_villager_idle_jump_anim.glb",,,"TRUE",,1,1,1,,,,"TRUE",,,,
,,,,,,,,,,,,,"TRUE",,,,
,"IdleGround","sc3d/char_villager_idle_ground_sit_anim.glb",91,340,"TRUE",,,,,,,,"TRUE",,,,
,,"sc3d/char_villager_idle_ground_sit_lay_01_anim.glb",,,"TRUE",,1,1,1,,,,"TRUE",,,,
,,"sc3d/char_villager_idle_ground_sit_lay_02_anim.glb",,,"TRUE",,1,1,1,,,,"TRUE",,,,
,,"sc3d/char_villager_idle_ground_sit_lay_03_anim.glb",,,"TRUE",,1,1,1,,,,"TRUE",,,,
,,"sc3d/char_villager_idle_ground_sit_lay_04_anim.glb",,,"TRUE",,1,1,1,,,,"TRUE",,,,
,"IdleGroundBelly","sc3d/char_villager_idle_ground_belly_anim.glb",89,335,"TRUE",,3,1,1,,,,"TRUE",,,,
,,"sc3d/char_villager_idle_ground_belly_side_01_anim.glb",,,"TRUE",,1,1,1,,,,"TRUE",,,,
,,"sc3d/char_villager_idle_ground_belly_side_02_anim.glb",,,"TRUE",,1,1,1,,,,"TRUE",,,,
,"IdleGround_In","sc3d/char_villager_idle_ground_sit_anim.glb",,91,"FALSE",,1,1,1,,,,"TRUE",,,,
,"IdleGround_Out","sc3d/char_villager_idle_ground_sit_anim.glb",340,,"FALSE",,5,1,1,,,,"TRUE",,,,
,"IdleGroundInterrupt_Out","sc3d/char_villager_idle_ground_sit_lay_01_interrupt_anim.glb",,,"FALSE",,1,1,1,,,,"TRUE",,,,
,,"sc3d/char_villager_idle_ground_sit_lay_02_interrupt_anim.glb",,,"FALSE",,1,1,1,,,,"TRUE",,,,
,,"sc3d/char_villager_idle_ground_sit_lay_03_interrupt_anim.glb",,,"FALSE",,1,1,1,,,,"TRUE",,,,
,,"sc3d/char_villager_idle_ground_sit_lay_04_interrupt_anim.glb",,,"FALSE",,1,1,1,,,,"TRUE",,,,
,"IdleGroundBelly_In","sc3d/char_villager_idle_ground_belly_anim.glb",,89,"FALSE",,1,1,1,,,,"TRUE",,,,
,"IdleGroundBelly_Out","sc3d/char_villager_idle_ground_belly_anim.glb",335,,"FALSE",,5,1,1,,,,"TRUE",,,,
,"IdleGroundBellyInterrupt_Out","sc3d/char_villager_idle_ground_belly_side_01_interrupt_anim.glb",,,"FALSE",,1,1,1,,,,"TRUE",,,,
,,"sc3d/char_villager_idle_ground_belly_side_02_interrupt_anim.glb",,,"FALSE",,1,1,1,,,,"TRUE",,,,
,,,,,,,,,,,,,,,,,
,,,,,,,,,,,,,,,,,
,"Walk","sc3d/char_villager_walk_01_anim.glb",,,"TRUE",,1,,,,"Footstep",2,"TRUE",,,,"SelectOnlyOnBegin"
,,,,,,,,,,,"Footstep",18,,,,,
,,"sc3d/char_villager_walk_02_anim.glb",,,"TRUE",,1,,,,"Footstep",2,"TRUE",,,,
,,,,,,,,,,,"Footstep",18,,,,,
,,"sc3d/char_villager_walk_03_anim.glb",,,"TRUE",,1,,,,"Footstep",2,"TRUE",,,,
,,,,,,,,,,,"Footstep",18,,,,,
,,"sc3d/char_villager_walk_04_anim.glb",,,"TRUE",,1,,,,"Footstep",2,"TRUE",,,,
,,,,,,,,,,,"Footstep",18,,,,,
,,"sc3d/char_villager_walk_05_anim.glb",,,"TRUE",,1,,,,"Footstep",2,"TRUE",,,,
,,,,,,,,,,,"Footstep",18,,,,,
,,,,,,,,,,,,,,,,,
,"Work","sc3d/char_villager_build_01_anim.glb",,,"TRUE",,1,1,,,,,"FALSE",,,,
,,"sc3d/char_villager_build_anim.glb",,,"TRUE",,1,,,,,,"FALSE",,,,
,"Carry","sc3d/char_villager_carry_pumpkin_anim.glb",,,"TRUE","true",1,,,,"Footstep",2,"TRUE",,,,
,,,,,,,,,,,"Footstep",18,,,,,
,,"sc3d/char_villager_carry_pumpkin_anim.glb",,,"TRUE","true",,,,,"Footstep",2,"TRUE",,,"Pumpkin",
,,,,,,,,,,,"Footstep",18,,,,,
,,"sc3d/char_villager_carry_berries_anim.glb",,,"TRUE","true",,,,,"Footstep",2,"TRUE",,,"Berry;PotionIngredient1;PotionIngredient2;PotionIngredient3;PotionIngredient4;PotionIngredient5;PotionIngredient6",
,,,,,,,,,,,"Footstep",18,,,,,
,,"sc3d/char_villager_carry_mushrooms_anim.glb",,,"TRUE","true",,,,,"Footstep",2,"TRUE",,,"Mushroom",
,,,,,,,,,,,"Footstep",18,,,,,
,,"sc3d/char_villager_carry_planks_anim.glb",,,"TRUE","true",,,,,"Footstep",2,"TRUE",,,"Plank",
,,,,,,,,,,,"Footstep",18,,,,,
,,"sc3d/char_villager_carry_stone_anim.glb",,,"TRUE","true",,,,,"Footstep",2,"TRUE",,,"Stone",
,,,,,,,,,,,"Footstep",18,,,,,
,,"sc3d/char_villager_carry_clay_anim.glb",,,"TRUE","true",,,,,"Footstep",2,"TRUE",,,"Clay",
,,,,,,,,,,,"Footstep",18,,,,,
,,"sc3d/char_villager_carry_brick_anim.glb",,,"TRUE","true",,,,,"Footstep",2,"TRUE",,,"Brick",
,,,,,,,,,,,"Footstep",18,,,,,
,,"sc3d/char_villager_carry_wood_anim.glb",,,"TRUE","true",,,,,"Footstep",2,"TRUE",,,"Wood",
,,,,,,,,,,,"Footstep",18,,,,,
,,"sc3d/char_villager_carry_wood_anim.glb",,,"TRUE","true",,,,,"Footstep",2,"TRUE",,,"Tree",
,,,,,,,,,,,"Footstep",18,,,,,
,"Conversation_01","sc3d/char_villager_talk_gesture_01_anim.glb",,,"TRUE",,,,,,,,,,,,
,"Conversation_04","sc3d/char_villager_talk_gesture_04_anim.glb",,,"TRUE",,,,,,,,,,,,
,"Conversation_05","sc3d/char_villager_talk_gesture_05_anim.glb",,,"TRUE",,,,,,,,,,,,
,,,,,,,,,,,,,,,,,
,"PointOfInterest_High","sc3d/char_villager_poi_high_stand_gesture_01_anim.glb",,,"TRUE",,1,,,,,,,,,,
,,"sc3d/char_villager_poi_high_stand_gesture_02_anim.glb",,,"TRUE",,1,,,,,,,,,,
,,"sc3d/char_villager_poi_high_stand_gesture_03_anim.glb",,,"TRUE",,1,,,,,,,,,,
,,,,,,,,,,,,,,,,,
,"PointOfInterest_Medium","sc3d/char_villager_poi_medium_stand_gesture_01_anim.glb",,,"TRUE",,1,,,,,,,,,,
,,"sc3d/char_villager_poi_medium_stand_gesture_02_anim.glb",,,"TRUE",,1,,,,,,,,,,
,,,,,,,,,,,,,,,,,
,"PointOfInterest_Low","sc3d/char_villager_poi_low_stand_gesture_01_anim.glb",,,"TRUE",,1,,,,,,,,,,
,,"sc3d/char_villager_poi_low_stand_gesture_02_anim.glb",,,"TRUE",,1,,,,,,,,,,
,,"sc3d/char_villager_poi_low_stand_gesture_03_anim.glb",,,"TRUE",,1,,,,,,,,,,
,,,,,,,,,,,,,,,,,
,"Dancing_1","sc3d/char_villager_dance_01_anim.glb",,,"TRUE",,1,,,,,,,,,,
,"Dancing_2","sc3d/char_villager_dance_02_anim.glb",,,"TRUE",,1,,,,,,,,,,
,"Dancing_3","sc3d/char_villager_dance_03_anim.glb",,,"TRUE",,1,,,,,,,,,,
,,,,,,,,,,,,,,,,,
,"Fishing","sc3d/char_villager_work_fishing_01_anim.glb",,,"TRUE",,,,,,,,,,"sc3d/tool_fishingrod_geo.glb",,
,,,,,,,,,,,,,,,,,
,,,,,,,,,,,,,,,,,
,"Potion","sc3d/char_villager_potion_reaction_01_anim.glb",,,"TRUE",,1,1,1,,,,"TRUE",,,,
,,"sc3d/char_villager_potion_reaction_04_anim.glb",,,"TRUE",,1,1,1,,,,"TRUE",,,,
,,,,,,,,,,,,,,,,,
,"Celebrate","sc3d/char_villager_celebration_01_anim.glb",,,"TRUE",,1,,,,,,"TRUE",,,,
,,"sc3d/char_villager_celebration_02_anim.glb",,,"TRUE",,1,,,,,,"TRUE",,,,
,,"sc3d/char_villager_celebration_02_extra_anim.glb",,,"TRUE",,1,,,,,,"TRUE",,,,
,"CelebrateSmall","sc3d/char_villager_celebration_small_01_anim.glb",,,"FALSE",,1,,,,,,"TRUE",,,,
,,"sc3d/char_villager_celebration_small_02_anim.glb",,,"FALSE",,1,,,,,,"TRUE",,,,
,,"sc3d/char_villager_celebration_small_03_anim.glb",,,"FALSE",,1,,,,,,"TRUE",,,,
,,"sc3d/char_villager_celebration_small_04_anim.glb",,,"FALSE",,1,,,,,,"TRUE",,,,
,,"sc3d/char_villager_celebration_small_05_anim.glb",,,"FALSE",,1,,,,,,"TRUE",,,,
,,"sc3d/char_villager_celebration_small_06_anim.glb",,,"FALSE",,1,,,,,,"TRUE",,,,
,,"sc3d/char_villager_celebration_small_07_anim.glb",,,"FALSE",,1,,,,,,"TRUE",,,,
,,,,,,,,,,,,,,,,,
,"Warming_High","sc3d/char_villager_deco_warming_hands_front_01_anim.glb",,,"TRUE",,,,,,,,,,,,
,"Warming_Low","sc3d/char_villager_deco_warming_hands_low_01_anim.glb",,,"TRUE",,,,,,,,,,,,
,,,,,,,,,,,,,,,,,
,"Deco_Swing_Active","sc3d/char_villager_deco_default_garden_swing_anim.glb",60,110,"TRUE",,,,,,,,,,,,
,"Deco_Swing_Active_In","sc3d/char_villager_deco_default_garden_swing_anim.glb",,60,"TRUE",,,,,,,,,,,,
,"Deco_Swing_Active_Out","sc3d/char_villager_deco_default_garden_swing_anim.glb",110,,"TRUE",,,,,,,,,,,,
,,,,,,,,,,,,,,,,,
,"Table_Eat","sc3d/char_villager_eat_food_table_01_anim.glb",,,"TRUE",,,,,,,,"TRUE",,"sc3d/tool_plate_geo.glb",,
,,,,,,,,,,,,,,,,,
,"SkillLevelUp","sc3d/char_villager_skill_level_up_01_anim.glb",,,"TRUE",,1,1,1,,,,"TRUE",,,,
,,"sc3d/char_villager_skill_level_up_02_anim.glb",,,"TRUE",,1,1,1,,,,"TRUE",,,,
,,,,,,,,,,,,,,,,,
,"Pet_Tap","sc3d/char_villager_interaction_dog_tap_anim.glb",35,55,"TRUE",,,,,,,,,,,,
,"Pet_Tap_In","sc3d/char_villager_interaction_dog_tap_anim.glb",,35,,,,,,,,,,,,,
,"Pet_Tap_Out","sc3d/char_villager_interaction_dog_tap_anim.glb",55,,,,,,,,,,,,,,
,,,,,,,,,,,,,,,,,
,"Applaud","sc3d/char_villager_celebration_small_03_anim.glb",,,"TRUE",,,,,,,,,,,,
,,,,,,,,,,,,,,,,,
,"Sit_01","sc3d/char_villager_deco_sit_01_anim.glb",36,200,"TRUE",,,,,,,,,,,,
,,,,,,,,,,,,,,,,,
,"Lean_01","sc3d/char_villager_deco_lean_01_anim.glb",50,200,"TRUE",,,,,,,,,,,,
,,,,,,,,,,,,,,,,,
,,,,,,,,,,,,,,,,,
,,,,,,,,,,,,,,,,,
,"Lean_02","sc3d/char_villager_deco_lean_02_anim.glb",,,,,,,,,,,,,,,
,,,,,,,,,,,,,,,,,
,"GroundSit_01","sc3d/char_villager_ground_sit_01_anim.glb",42,280,"TRUE",,,,,,,,,,,,
,"GroundSit_01_In","sc3d/char_villager_ground_sit_01_anim.glb",,42,,,,,,,,,,,,,
,"GroundSit_01_Out","sc3d/char_villager_ground_sit_01_anim.glb",280,,,,,,,,,,,,,,
,,,,,,,,,,,,,,,,,
,,,,,,,,,,,,,,,,,
,"Greet","sc3d/char_villager_greet_elbow_five_anim.glb",,,,,,,,,,,,,,,
,,,,,,,,,,,,,,,,,
,"Play_guitar","sc3d/char_villager_deco_play_guitar_anim.glb",,,"TRUE",,,,,,,,,,"sc3d/prop_guitar_00_geo.glb",,
,,,,,,,,,,,,,,,,,
,"Ground_talk_gesture","sc3d/char_villager_deco_ground_talk_gesture_01_anim.glb",,,"TRUE",,1,,,,,,,,,,
,,"sc3d/char_villager_deco_ground_talk_gesture_02_anim.glb",,,"TRUE",,1,,,,,,,,,,
,,,,,,,,,,,,,,,,,
,"Reading_book","sc3d/char_villager_deco_reading_book_ground_anim.glb",,,"TRUE",,,,,,,,,,"sc3d/prop_book_00_geo.glb",,
,,,,,,,,,,,,,,,,,
,"Roasting_marshmallows","sc3d/char_villager_deco_roasting_marshmallows_anim.glb",54,110,"TRUE",,3,2,3,,,,,,,,
,,"sc3d/char_villager_deco_roasting_marshmallows_anim.glb",110,182,,,1,1,1,,,,,,,,
,,"sc3d/char_villager_deco_roasting_marshmallows_anim.glb",182,250,,,1,1,1,,,,,,,,
,,"sc3d/char_villager_deco_roasting_marshmallows_anim.glb",250,373,,,1,1,1,,,,,,,,
,"Roasting_marshmallows_In","sc3d/char_villager_deco_roasting_marshmallows_anim.glb",0,54,,,,,,,,,,,,,
,"Roasting_marshmallows_Out","sc3d/char_villager_deco_roasting_marshmallows_anim.glb",373,442,,,,,,,,,,,,,
,,,,,,,,,,,,,,,,,
,"Balancing","sc3d/char_villager_deco_balancing_anim.glb",,,"TRUE",,,,,,,,,,,,
,,,,,,,,,,,,,,,,,
,"Smell_flower_low","sc3d/char_villager_deco_smell_flower_low_anim.glb",,,"TRUE",,,,,,,,,,,,
,,,,,,,,,,,,,,,,,
,"Smell_flower_high","sc3d/char_villager_deco_smell_flower_high_anim.glb",,,"TRUE",,,,,,,,,,,,
,,,,,,,,,,,,,,,,,
,"Meditation","sc3d/char_villager_deco_meditation_anim.glb",130,217,"TRUE",,,,,,,,,,,,
,"Meditation_In","sc3d/char_villager_deco_meditation_anim.glb",,130,,,,,,,,,,,,,
,"Meditation_Out","sc3d/char_villager_deco_meditation_anim.glb",217,,,,,,,,,,,,,,
,,,,,,,,,,,,,,,,,
,"Juggling_balls","sc3d/char_villager_deco_juggling_balls_anim.glb",,,"TRUE",,,,,,,,,,,,
,,,,,,,,,,,,,,,,,
,"Pruning_bushes","sc3d/char_villager_deco_pruning_bushes_anim.glb",,,"TRUE",,,,,,,,,,,,
,,,,,,,,,,,,,,,,,
,"CutWood","sc3d/char_villager_cut_wood_01_anim.glb",,,"TRUE",,1,,,,"ChopWood",28,"FALSE","sc3d/tool_axe_geo.glb",,,
,,,,,,,,,,,,,,,,,
,"Saw","sc3d/char_villager_operate_sawmill_01_anim.glb",,,"TRUE",,,,,,,,"FALSE",,,,
,,,,,,,,,,,,,,,,,
,"Research","sc3d/char_villager_research_01_anim.glb",,,"TRUE",,,,,,,,"FALSE",,"sc3d/prop_book_00_geo.glb",,
,,,,,,,,,,,,,,,,,
,"Plant","sc3d/char_villager_clay_diggin_01_anim.glb",,,"TRUE",,,,,,"ClayDig",28,"FALSE","sc3d/tool_shovel_geo.glb",,,
,"WaterPlant","sc3d/char_villager_farm_watering_01_anim.glb",,,"TRUE",,,,,,"WaterPlant",2,"FALSE","sc3d/tool_watering_can_geo.glb",,,
,,,,,,,,,,,,,,,,,
,"CutPlant","sc3d/char_villager_farm_scythe_01_anim.glb",,,"TRUE",,,,,,"ClayDig",1,"FALSE",,,,
,,,,,,,,,,,,,,,,,
,"DrillStone","sc3d/char_villager_pick_stone_anim.glb",,,"TRUE",,,,,,"Mining",18,"FALSE",,,,
,,,,,,,,,,,,,,,,,
,"Build","sc3d/char_villager_build_01_anim.glb",,,"TRUE",,1,,,,"Building_1",7,"FALSE",,,,
,"Eat","sc3d/char_villager_eating_soup_01_anim.glb",,,"TRUE",,,,,,,,"TRUE",,"sc3d/tool_plate_geo.glb",,
,,,,,,,,,,,,,,,,,
,"Throw","sc3d/char_villager_throw_pumpkin_anim.glb",,,"TRUE",,1,,,,,,"TRUE",,,,
,,"sc3d/char_villager_throw_pumpkin_anim.glb",,,"TRUE",,,,,,,,"TRUE",,,"Pumpkin",
,,"sc3d/char_villager_throw_mushrooms_anim.glb",,,"TRUE",,,,,,,,"TRUE",,,"Mushroom",
,,"sc3d/char_villager_throw_wood_anim.glb",,,"TRUE",,,,,,,,"TRUE",,,"Wood",
,,"sc3d/char_villager_throw_wood_anim.glb",,,"TRUE",,,,,,,,"TRUE",,,"Plank",
,,"sc3d/char_villager_throw_berries_anim.glb",,,"TRUE",,,,,,,,"TRUE",,,"Berry",
,"Fork","sc3d/char_villager_farm_fork_01_anim.glb",,,"TRUE",,,,,,,,"TRUE",,,,
,,,,,,,,,,,,,,,,,
,"ClayDig","sc3d/char_villager_clay_digging_01_anim.glb",,,"TRUE",,,,,,"ClayDig",28,"FALSE","sc3d/tool_shovel_geo.glb",,,
,,,,,,,,,,,,,,,,,
,"Forage","sc3d/char_villager_harvest_berries_01_anim.glb",,,"TRUE",,1,,,,"Forage",1,"FALSE",,,,
,,"sc3d/char_villager_harvest_berries_01_anim.glb",,,"TRUE",,,,,,"Forage",1,"FALSE",,,"Berry",
,,"sc3d/char_villager_harvest_mushrooms_01_anim.glb",,,"TRUE",,,,,,,,"FALSE",,,"Mushroom",
,,,,,,,,,,,,,,,,,
,"MakeBrick","sc3d/char_villager_operate_brickyard_01_anim.glb",,,"TRUE",,1,,,,,,"FALSE",,,,
,,,,,,,,,,,,,,,,,
,"Blocked","sc3d/char_villager_build_blocked_idle_anim.glb",,,"TRUE",,1,2,3,,,,"TRUE",,,,
,,"sc3d/char_villager_build_blocked_gesture_01_anim.glb",,,"TRUE",,1,1,1,,,,"TRUE",,,,
,,"sc3d/char_villager_build_blocked_gesture_02_anim.glb",,,"TRUE",,1,1,1,,,,"TRUE",,,,
,,"sc3d/char_villager_cut_wood_blocked_idle_anim.glb",,,"TRUE",,1,1,1,,,,"TRUE",,,"Lumberjack",
,,"sc3d/char_villager_cut_wood_blocked_gesture_01_anim.glb",,,"TRUE",,1,1,1,,,,"TRUE",,,"Lumberjack",
,,"sc3d/char_villager_cut_wood_blocked_gesture_02_anim.glb",,,"TRUE",,1,1,1,,,,"TRUE",,,"Lumberjack",
,,"sc3d/char_villager_operate_brickyard_blocked_idle_anim.glb",,,"TRUE",,1,1,1,,,,"TRUE",,,"Brickmaker",
,,"sc3d/char_villager_research_blocked_idle_anim.glb",,,"TRUE",,1,1,1,,,,"TRUE",,,"Researcher",
,,"sc3d/char_villager_research_blocked_gesture_01_anim.glb",,,"TRUE",,1,1,1,,,,"TRUE",,,"Researcher",
,,"sc3d/char_villager_research_blocked_gesture_02_anim.glb",,,"TRUE",,1,1,1,,,,"TRUE",,,"Researcher",
,,"sc3d/char_villager_harvest_berries_blocked_idle_anim.glb",,,"TRUE",,1,1,1,,,,"TRUE",,,"Forager",
,,"sc3d/char_villager_farm_scythe_blocked_idle_anim.glb",,,"TRUE",,1,1,1,,,,"TRUE",,,"Farmer",
,,"sc3d/char_villager_farm_fork_blocked_idle_anim.glb",,,"TRUE",,1,1,1,,,,"TRUE",,,"Farmer",
,,"sc3d/char_villager_farm_fork_blocked_gesture_01_anim.glb",,,"TRUE",,1,1,1,,,,"TRUE",,,"Farmer",
,,"sc3d/char_villager_farm_fork_blocked_gesture_02_anim.glb",,,"TRUE",,1,1,1,,,,"TRUE",,,"Farmer",
,,"sc3d/char_villager_clay_digging_blocked_idle_anim.glb",,,"TRUE",,1,1,1,,,,"TRUE",,,"Claydigger",
,,"sc3d/char_villager_pick_stone_blocked_idle_anim.glb",,,"TRUE",,1,1,1,,,,"TRUE",,,"Stonemason",
,,"sc3d/char_villager_pick_stone_blocked_gesture_01_anim.glb",,,"TRUE",,1,1,1,,,,"TRUE",,,"Stonemason",
,"UiIdle","sc3d/char_villager_ui_idle_base_anim.glb",,,"TRUE",,4,2,4,50,,,"TRUE",,,,
,,"sc3d/char_villager_ui_idle_gesture_01_anim.glb",,,"TRUE",,1,1,1,,,,"TRUE",,,,
,,"sc3d/char_villager_ui_idle_gesture_02_anim.glb",,,"TRUE",,1,1,1,,,,"TRUE",,,,
,,"sc3d/char_villager_ui_idle_gesture_03_anim.glb",,,"TRUE",,1,1,1,,,,"TRUE",,,,
,"UiWorking","sc3d/char_villager_ui_working_idle_anim.glb",,,"TRUE",,4,2,4,50,,,"TRUE",,,,
,,"sc3d/char_villager_ui_farm_scythe_01_anim.glb",,,"TRUE",,1,1,1,,,,"FALSE","sc3d/tool_sickle_geo.glb",,"Farmer",
,,"sc3d/char_villager_ui_research_01_anim.glb",,,"TRUE",,1,1,1,,,,"FALSE","sc3d/tool_magnifier_geo.glb",,"Researcher",
,,"sc3d/char_villager_ui_farm_watering_01_anim.glb",,,"TRUE",,1,1,1,,,,"FALSE","sc3d/tool_watering_can_geo.glb",,"Farmer;Forester",
,,"sc3d/char_villager_ui_clay_digging_01_anim.glb",,,"TRUE",,1,1,1,,,,"FALSE","sc3d/tool_shovel_geo.glb",,"Claydigger;Forester",
,,"sc3d/char_villager_ui_pick_stone_01_anim.glb",,,"TRUE",,1,1,1,,,,"FALSE","sc3d/tool_pickaxe_geo.glb",,"Stonemason",
,,"sc3d/char_villager_ui_cut_wood_01_anim.glb",,,"TRUE",,1,1,1,,,,"FALSE","sc3d/tool_axe_geo.glb",,"Lumberjack;Forester",
,,"sc3d/char_villager_ui_build_01_anim.glb",,,"TRUE",,1,1,1,,,,"FALSE","sc3d/tool_hammer_geo.glb",,"Builder",
,,"sc3d/char_villager_ui_harvest_01_anim.glb",,,"TRUE",,1,1,1,,,,"FALSE","sc3d/tool_sickle_geo.glb",,"Forager",
,,"sc3d/char_villager_ui_operate_sawmill_01_anim.glb",,,"TRUE",,1,1,1,,,,"FALSE",,,"Sawyer",
,,"sc3d/char_villager_ui_operate_brickyard_01_anim.glb",,,"TRUE",,1,1,1,,,,"FALSE",,,"Brickmaker",
,,"sc3d/char_villager_ui_working_gesture_01_anim.glb",,,"TRUE",,1,1,1,,,,"TRUE",,,,
,,"sc3d/char_villager_ui_working_gesture_02_anim.glb",,,"TRUE",,1,1,1,,,,"TRUE",,,,
,,"sc3d/char_villager_ui_working_gesture_03_anim.glb",,,"TRUE",,1,1,1,,,,"TRUE",,,,
,"UiHungry","sc3d/char_villager_ui_hungry_idle_anim.glb",,,"TRUE",,4,2,4,50,,,"TRUE","sc3d/tool_spoon_geo.glb","sc3d/tool_plate_geo.glb",,
,,"sc3d/char_villager_ui_hungry_gesture_01_anim.glb",,,"TRUE",,1,1,1,,,,"TRUE","sc3d/tool_spoon_geo.glb","sc3d/tool_plate_geo.glb",,
,,"sc3d/char_villager_ui_hungry_gesture_02_anim.glb",,,"TRUE",,1,1,1,,,,"TRUE","sc3d/tool_spoon_geo.glb","sc3d/tool_plate_geo.glb",,
,,"sc3d/char_villager_ui_hungry_gesture_03_anim.glb",,,"TRUE",,1,1,1,,,,"TRUE","sc3d/tool_spoon_geo.glb","sc3d/tool_plate_geo.glb",,
,"UiBlocked","sc3d/char_villager_ui_blocked_idle_anim.glb",,,"TRUE",,4,2,4,50,,,"TRUE",,,,
,,"sc3d/char_villager_ui_blocked_gesture_01_anim.glb",,,"TRUE",,1,1,1,,,,"TRUE",,,,
,,"sc3d/char_villager_ui_blocked_gesture_02_anim.glb",,,"TRUE",,1,1,1,,,,"TRUE",,,,
,,"sc3d/char_villager_ui_blocked_gesture_03_anim.glb",,,"TRUE",,1,1,1,,,,"TRUE",,,,
,,"sc3d/char_villager_ui_blocked_1h_idle_anim.glb",,,"TRUE",,4,2,4,,,,"TRUE",,,"Forager;Researcher;Brickmaker",
,,"sc3d/char_villager_ui_blocked_1h_gesture_01_anim.glb",,,"TRUE",,1,1,1,,,,"TRUE",,,"Forager;Researcher;Brickmaker",
,,"sc3d/char_villager_ui_blocked_1h_gesture_02_anim.glb",,,"TRUE",,1,1,1,,,,"TRUE",,,"Forager;Researcher;Brickmaker",
,,"sc3d/char_villager_ui_blocked_1h_gesture_03_anim.glb",,,"TRUE",,1,1,1,,,,"TRUE",,,"Forager;Researcher;Brickmaker",
,"UiIntro","sc3d/char_villager_ui_idle_base_anim.glb",,,"TRUE",,3,2,4,50,,,"TRUE",,,,
,,"sc3d/char_villager_ui_character_select_01_anim.glb",,,"TRUE",,1,1,1,,,,"TRUE",,,,
,,"sc3d/char_villager_ui_character_select_02_anim.glb",,,"TRUE",,1,1,1,,,,"TRUE",,,,
,,"sc3d/char_villager_ui_character_select_03_anim.glb",,,"TRUE",,1,1,1,,,,"TRUE",,,,
,,"sc3d/char_villager_ui_character_select_04_anim.glb",,,"TRUE",,1,1,1,,,,"TRUE",,,,
,"UiPermBlocked","sc3d/char_villager_ui_permanent_blocked_idle_anim.glb",,,"TRUE",,1,1,1,50,,,"TRUE","disable",,,
,,"sc3d/char_villager_ui_permanent_blocked_gesture_01_anim.glb",,,"TRUE",,1,1,1,,,,"TRUE","disable",,,
,,"sc3d/char_villager_ui_permanent_blocked_gesture_02_anim.glb",,,"TRUE",,1,1,1,,,,"TRUE","disable",,,
,,"sc3d/char_villager_ui_permanent_blocked_gesture_03_anim.glb",,,"TRUE",,1,1,1,,,,"TRUE","disable",,,
,,,,,,,,,,,,,,,,,
,"Guild_Woodcutter","sc3d/char_villager_work_guild_woodcutter_01_anim.glb",,,"TRUE",,,,,,,,,,,,
,"Guild_Stonemason","sc3d/char_villager_work_guild_stonemason_01_anim.glb",,,"TRUE",,,,,,,,,,,,
,"Guild_Researcher","sc3d/char_villager_work_guild_researcher_01_anim.glb",,,"TRUE",,,,,,,,,,,,
,"Guild_Claydigger","sc3d/char_villager_work_guild_claydigger_01_anim.glb",,,"TRUE",,,,,,,,,,,,
,"Guild_Farmer","sc3d/char_villager_work_guild_farmer_01_anim.glb",,,"TRUE",,,,,,,,,,,,
,"Guild_Builder","sc3d/char_villager_work_guild_builder_01_anim.glb",,,"TRUE",,,,,,,,,,,,
,,,,,,,,,,,,,,,,,
,,,,,,,,,,,,,,,,,
,"Pet Medium Calling","sc3d/char_villager_pet_medium_calling_anim.glb",,,"TRUE",,1,,,,,,"TRUE",,,,
,,,,,,,,,,,,,,,,,
,"Pet Medium Play","sc3d/char_villager_pet_medium_play_anim.glb",,,"TRUE",,1,,,,,,"TRUE",,,,
,,,,,,,,,,,,,,,,,
,"Pet Small Tap","sc3d/char_villager_pet_small_tap_anim.glb",55,93,"TRUE",,1,,,,,,"TRUE",,,,
,"Pet Medium Tap","sc3d/char_villager_pet_medium_tap_anim.glb",30,70,"TRUE",,1,,,,,,"TRUE",,,,
,"Egg picking","sc3d/char_villager_operate_brickyard_01_anim.glb",,,"TRUE",,1,,,,,,"TRUE",,,,
,"Honey gathering","sc3d/char_villager_operate_brickyard_01_anim.glb",,,"TRUE",,1,,,,,,"TRUE",,,,
"RentAWorker:Carolina_2",,,,,,,,,,,,,,,,,
,"Name","SCW","StartFrame","EndFrame","Looping","IncludeInLowMem","VariationWeight","RepeatMin","RepeatMax","RandomOffsetPct","Effect","EffectFrame","AttachmentUseCarryPivot","PropPrimary","PropSecondary","VariationParam","VariationStyle"
,"String","String","int","int","boolean","boolean","int","int","int","int","String","int","boolean","String","String","String","String"
,"Idle","sc3d/char_villager_rental_handyman_idle_anim.glb",,,"TRUE",,3,2,3,,,,"TRUE",,,,
,,"sc3d/char_villager_rental_handyman_fidget_01_anim.glb",,,"TRUE",,1,1,1,,,,"TRUE",,,,
,,"sc3d/char_villager_rental_handyman_fidget_02_anim.glb",,,"TRUE",,1,1,1,,,,"TRUE",,,,
,,"sc3d/char_villager_rental_handyman_fidget_03_anim.glb",,,"TRUE",,1,1,1,,,,"TRUE",,,,
,,"sc3d/char_villager_rental_handyman_fidget_04_anim.glb",,,"TRUE",,1,1,1,,,,"TRUE",,,,
,,"sc3d/char_villager_rental_handyman_fidget_05_anim.glb",,,"TRUE",,1,1,1,,,,"TRUE",,,,
,,"sc3d/char_villager_rental_handyman_fidget_06_anim.glb",,,"TRUE",,1,1,1,,,,"TRUE",,,,
,,"sc3d/char_villager_rental_handyman_fidget_07_anim.glb",,,"TRUE",,1,1,1,,,,"TRUE",,,,
,,"sc3d/char_villager_idle_stand_fidget_08_anim.glb",,,"TRUE",,1,1,1,,,,"TRUE",,,,
,,,,,,,,,,,,,"TRUE",,,,
,"Walk","sc3d/char_villager_rental_handyman_walk_01_anim.glb",,,"TRUE",,1,,,,"Footstep",1,"TRUE",,,,"SelectOnlyOnBegin"
,,"sc3d/char_villager_rental_handyman_walk_02_anim.glb",,,"TRUE",,1,,,,"Footstep",1,"TRUE",,,,
,,,,,,,,,,,,,,,,,
,,,,,,,,,,,,,,,,,
,,,,,,,,,,,,,,,,,
,,,,,,,,,,,,,,,,,
,,,,,,,,,,,,,,,,,
"RentAWorker_Shop:Carolina_2",,,,,,,,,,,,,,,,,
,"Name","SCW","StartFrame","EndFrame","Looping","IncludeInLowMem","VariationWeight","RepeatMin","RepeatMax","RandomOffsetPct","Effect","EffectFrame","AttachmentUseCarryPivot","PropPrimary","PropSecondary","VariationParam","VariationStyle"
,"String","String","int","int","boolean","boolean","int","int","int","int","String","int","boolean","String","String","String","String"
,"UiIdle","sc3d/char_villager_ui_rental_handyman_idle_anim.glb",,,"TRUE",,4,2,4,,,,,"sc3d/tool_hammer_geo.glb",,,
,,"sc3d/char_villager_ui_rental_handyman_fidget_01_anim.glb",,,"TRUE",,1,1,1,,,,,"sc3d/tool_hammer_geo.glb",,,
,,"sc3d/char_villager_ui_rental_handyman_fidget_02_anim.glb",,,"TRUE",,1,1,1,,,,,"sc3d/tool_hammer_geo.glb",,,
,,"sc3d/char_villager_ui_rental_handyman_fidget_03_anim.glb",,,"TRUE",,1,1,1,,,,,"sc3d/tool_hammer_geo.glb",,,
,"UiWorking","sc3d/char_villager_ui_clay_digging_01_anim.glb",,,"TRUE",,1,1,1,,,,"FALSE","sc3d/tool_shovel_geo.glb",,,
,,,,,,,,,,,,,,,,,
,,,,,,,,,,,,,,,,,
,,,,,,,,,,,,,,,,,
"Carolina_2_t",,,,,,,,,,,,,,,,,
,"Name","TargetAnims","SourceAnims","Transition",,,,,,,,,,,,,
,"String","String","String","String",,,,,,,,,,,,,
,"T_0","IdleGround",,"IdleGround_In",,,,,,,,,,,,,
,"T_1",,"IdleGround","IdleGround_Out",,,,,,,,,,,,,
,"T_2",,"IdleGroundBelly","IdleGroundBelly_Out",,,,,,,,,,,,,
,"T_3","IdleGroundBelly",,"IdleGroundBelly_In",,,,,,,,,,,,,
,"T_4","Meditation",,"Meditation_In",,,,,,,,,,,,,
,"T_5",,"Meditation","Meditation_Out",,,,,,,,,,,,,
,"T_6","GroundSit_01",,"GroundSit_01_In",,,,,,,,,,,,,
,"T_7",,"GroundSit_01","GroundSit_01_Out",,,,,,,,,,,,,
,"T_8","Deco_Swing_Active",,"Deco_Swing_Active_In",,,,,,,,,,,,,
,"T_9",,"Deco_Swing_Active","Deco_Swing_Active_Out",,,,,,,,,,,,,
,,,,,,,,,,,,,,,,,
,,,,,,,,,,,,,,,,,
,,,,,,,,,,,,,,,,,
"Trader_UI",,,,,,,,,,,,,,,,,
,"Name","SCW","StartFrame","EndFrame","Looping","IncludeInLowMem","VariationWeight","RepeatMin","RepeatMax","RandomOffsetPct","Effect","EffectFrame","AttachmentUseCarryPivot","PropPrimary","PropSecondary","VariationParam","VariationStyle"
,"String","String","int","int","boolean","boolean","int","int","int","int","String","int","boolean","String","String","String","String"
,"Idle","sc3d/char_trader_ui_idle_anim.glb",,,"TRUE",,,,,,,,,,,,
"Ox",,,,,,,,,,,,,,,,,
,"Name","SCW","StartFrame","EndFrame","Looping","IncludeInLowMem","VariationWeight","RepeatMin","RepeatMax","RandomOffsetPct","Effect","EffectFrame","AttachmentUseCarryPivot","PropPrimary","PropSecondary","VariationParam","VariationStyle"
,"String","String","int","int","boolean","boolean","int","int","int","int","String","int","boolean","String","String","String","String"
,"Idle","sc3d/char_ox_idle_anim.glb",,,"TRUE",,,,,,,,,,,,
,"Walk","sc3d/char_ox_walk_anim.glb",,,"TRUE",,,,,,,,,,,,
"Trader",,,,,,,,,,,,,,,,,
,"Name","SCW","StartFrame","EndFrame","Looping","IncludeInLowMem","VariationWeight","RepeatMin","RepeatMax","RandomOffsetPct","Effect","EffectFrame","AttachmentUseCarryPivot","PropPrimary","PropSecondary","VariationParam","VariationStyle"
,"String","String","int","int","boolean","boolean","int","int","int","int","String","int","boolean","String","String","String","String"
,"Idle","sc3d/char_trader_idle_anim.glb",,,"TRUE",,10,5,8,,,,,,,,
,,"sc3d/char_trader_idle_01_anim.glb",,,"FALSE",,10,5,8,,,,,,,,
,,"sc3d/char_trader_fidget_01_anim.glb",,,"FALSE",,1,1,1,,,,,,,,
,,"sc3d/char_trader_fidget_02_anim.glb",,,"FALSE",,1,1,1,,,,,,,,
,,"sc3d/char_trader_fidget_03_anim.glb",,,"FALSE",,1,1,1,,,,,,,,
,,"sc3d/char_trader_fidget_04_anim.glb",,,"FALSE",,1,1,1,,,,,,,,
,,"sc3d/char_trader_fidget_05_anim.glb",,,"FALSE",,1,1,1,,,,,,,,
,,"sc3d/char_trader_fidget_06_anim.glb",,,"FALSE",,1,1,1,,,,,,,,
,,"sc3d/char_trader_fidget_07_anim.glb",,,"FALSE",,1,1,1,,,,,,,,
,,"sc3d/char_trader_fidget_08_anim.glb",,,"FALSE",,1,1,1,,,,,,,,
,,"sc3d/char_trader_fidget_09_anim.glb",,,"FALSE",,1,1,1,,,,,,,,
,,"sc3d/char_trader_fidget_10_anim.glb",,,"FALSE",,1,1,1,,,,,,,,
,"Walk","sc3d/char_trader_walk_01_anim.glb",,,"TRUE",,,,,,,,,,,,
,"Celebrate","sc3d/char_trader_congratulate_01_anim.glb",,,"FALSE",,1,1,1,,,,,,,,
,,"sc3d/char_trader_congratulate_02_anim.glb",,,"FALSE",,1,1,1,,,,,,,,
,,"sc3d/char_trader_congratulate_03_anim.glb",,,"FALSE",,1,1,1,,,,,,,,
,,"sc3d/char_trader_congratulate_04_anim.glb",,,"FALSE",,1,1,1,,,,,,,,
,,"sc3d/char_trader_congratulate_05_anim.glb",,,"FALSE",,1,1,1,,,,,,,,
,,,,,,,,,,,,,,,,,
,,,,,,,,,,,,,,,,,
,,,,,,,,,,,,,,,,,
,,,,,,,,,,,,,,,,,
"Birdog",,,,,,,,,,,,,,,,,
,"Name","SCW","StartFrame","EndFrame","Looping","IncludeInLowMem","VariationWeight","RepeatMin","RepeatMax","RandomOffsetPct","Effect","EffectFrame","AttachmentUseCarryPivot","PropPrimary","PropSecondary","VariationParam","VariationStyle"
,"String","String","int","int","boolean","boolean","int","int","int","int","String","int","boolean","String","String","String","String"
,"Idle","sc3d/sprt_birdog_idle_anim.glb",,,"TRUE",,60,5,7,,,,,,,,
,,"sc3d/sprt_birdog_fidget_02_anim.glb",,,"TRUE",,1,2,3,,,,,,,,
,,"sc3d/sprt_birdog_fidget_03_anim.glb",,,"TRUE",,1,2,3,,,,,,,,
,,"sc3d/sprt_birdog_fidget_04_anim.glb",,,"TRUE",,1,2,3,,,,,,,,
,"GlideStart","sc3d/sprt_birdog_glide_launch_anim.glb",,,"FALSE",,,,,,,,,,,,
,"Glide","sc3d/sprt_birdog_air_glide_anim.glb",,,"TRUE",,,,,,,,,,,,
,"HoverStop","sc3d/sprt_birdog_hover_land_anim.glb",,,"FALSE",,,,,,,,,,,,
,"HoverStart","sc3d/sprt_birdog_hover_launch_anim.glb",,,"FALSE",,2,,,,,,,,,,
,"Hover","sc3d/sprt_birdog_air_hover_anim.glb",,,"TRUE",,10,4,5,,,,,,,,
,,"sc3d/sprt_birdog_hover_fidget_01_anim.glb",,,"TRUE",,1,1,1,,,,,,,,
,"FlightStart","sc3d/sprt_birdog_flight_anim.glb",,40,"FALSE",,,,,,,,,,,,
,"Flight","sc3d/sprt_birdog_flight_anim.glb",40,91,"TRUE",,,,,,,,,,,,
,"FlightStop","sc3d/sprt_birdog_flight_anim.glb",91,,"FALSE",,,,,,,,,,,,
,"Walk","sc3d/sprt_birdog_walk_anim.glb",,,"TRUE",,,,,,,,,,,,
,"Run","sc3d/sprt_birdog_skip_anim.glb",,,"TRUE",,,,,,,,,,,,
,"Work","sc3d/sprt_birdog_idle_anim.glb",,,"TRUE",,,,,,,,,,,,
,"Forage","sc3d/sprt_birdog_idle_anim.glb",,,"TRUE",,,,,,,,,,,,
,"IdleGround","sc3d/sprt_birdog_idle_anim.glb",,,"TRUE",,,,,,,,,,,,
,"IdleGroundBelly","sc3d/sprt_birdog_idle_anim.glb",,,"TRUE",,,,,,,,,,,,
,"PerkUp","sc3d/sprt_birdog_ambient_perkup_anim.glb",,,"TRUE",,,,,,,,,,,,
,,,,,,,,,,,,,,,,,
,,,,,,,,,,,,,,,,,
,,,,,,,,,,,,,,,,,
,,,,,,,,,,,,,,,,,
,,,,,,,,,,,,,,,,,
,,,,,,,,,,,,,,,,,
,,,,,,,,,,,,,,,,,
,,,,,,,,,,,,,,,,,
,,,,,,,,,,,,,,,,,
,,,,,,,,,,,,,,,,,
"Birdog_t",,,,,,,,,,,,,,,,,
,"Name","TargetAnims","SourceAnims","Transition",,,,,,,,,,,,,
,"String","String","String","String",,,,,,,,,,,,,
,"T_0","Glide","Idle","GlideStart",,,,,,,,,,,,,
,,,"Walk",,,,,,,,,,,,,,
,,,"Run",,,,,,,,,,,,,,
,,,"HoverStop",,,,,,,,,,,,,,
,,,"FlightStop",,,,,,,,,,,,,,
,"T_1","Idle","Glide","HoverStop",,,,,,,,,,,,,
,,"Walk","Hover",,,,,,,,,,,,,,
,,"Run",,,,,,,,,,,,,,,
,,"GlideStart",,,,,,,,,,,,,,,
,"T_2","Hover","Idle","HoverStart",,,,,,,,,,,,,
,,,"Walk",,,,,,,,,,,,,,
,,,"Run",,,,,,,,,,,,,,
,,,"HoverStop",,,,,,,,,,,,,,
,"T_3","Flight","Idle","FlightStart",,,,,,,,,,,,,
,,,"Walk",,,,,,,,,,,,,,
,,,"Run",,,,,,,,,,,,,,
,,,"HoverStop",,,,,,,,,,,,,,
,"T_4","Idle","Flight","FlightStop",,,,,,,,,,,,,
,,"Walk",,,,,,,,,,,,,,,
,,"Run",,,,,,,,,,,,,,,
,,"HoverStop",,,,,,,,,,,,,,,
"Cloudturtle",,,,,,,,,,,,,,,,,
,"Name","SCW","StartFrame","EndFrame","Looping","IncludeInLowMem","VariationWeight","RepeatMin","RepeatMax","RandomOffsetPct","Effect","EffectFrame","AttachmentUseCarryPivot","PropPrimary","PropSecondary","VariationParam","VariationStyle"
,"String","String","int","int","boolean","boolean","int","int","int","int","String","int","boolean","String","String","String","String"
,"Idle","sc3d/char_cloud_turtle_idle_01_anim.glb",,,"TRUE",,100,5,8,,,,,,,,
,,"sc3d/char_cloud_turtle_idle_gesture_01_anim.glb",,,"TRUE",,1,1,1,,,,,,,,
"Earpuff",,,,,,,,,,,,,,,,,
,"Name","SCW","StartFrame","EndFrame","Looping","IncludeInLowMem","VariationWeight","RepeatMin","RepeatMax","RandomOffsetPct","Effect","EffectFrame","AttachmentUseCarryPivot","PropPrimary","PropSecondary","VariationParam","VariationStyle"
,"String","String","int","int","boolean","boolean","int","int","int","int","String","int","boolean","String","String","String","String"
,"Idle","sc3d/char_earpuff_idle_anim.glb",,,"TRUE",,100,5,8,,,,,,,,
,,"sc3d/char_earpuff_fidget_01_anim.glb",,,"TRUE",,1,,,,,,,,,,
,"Walk","sc3d/char_earpuff_walk_anim.glb",,,"TRUE",,1,,,,,,,,,,
,"Run","sc3d/char_earpuff_run_anim.glb",,,"TRUE",,1,,,,,,,,,,
"Doe",,,,,,,,,,,,,,,,,
,"Name","SCW","StartFrame","EndFrame","Looping","IncludeInLowMem","VariationWeight","RepeatMin","RepeatMax","RandomOffsetPct","Effect","EffectFrame","AttachmentUseCarryPivot","PropPrimary","PropSecondary","VariationParam","VariationStyle"
,"String","String","int","int","boolean","boolean","int","int","int","int","String","int","boolean","String","String","String","String"
,"Idle","sc3d/char_doe_idle_anim.glb",,,"TRUE",,100,2,3,,,,,,,,
,,"sc3d/char_doe_fidget_01_anim.glb",,,"TRUE",,1,1,1,,,,,,,,
,,"sc3d/char_doe_fidget_02_anim.glb",,,"TRUE",,1,1,1,,,,,,,,
,"Graze","sc3d/char_doe_graze_anim.glb",,,"TRUE",,1,1,1,,,,,,,,
,"Walk","sc3d/char_doe_walk_anim.glb",,,"TRUE",,1,1,1,,,,,,,,
,"Run","sc3d/char_doe_skip_anim.glb",,,"TRUE",,1,1,1,,,,,,,,
"Chicken",,,,,,,,,,,,,,,,,
,"Name","SCW","StartFrame","EndFrame","Looping","IncludeInLowMem","VariationWeight","RepeatMin","RepeatMax","RandomOffsetPct","Effect","EffectFrame","AttachmentUseCarryPivot","PropPrimary","PropSecondary","VariationParam","VariationStyle"
,"String","String","int","int","boolean","boolean","int","int","int","int","String","int","boolean","String","String","String","String"
,"Idle","sc3d/char_chicken_idle_01_anim.glb",,,"TRUE",,50,2,3,,,,,,,,
,,"sc3d/char_chicken_fidget_01_anim.glb",,,"TRUE",,10,1,1,,,,,,,,
,,"sc3d/char_chicken_fidget_02_anim.glb",,,"TRUE",,2,1,1,,,,,,,,
,,"sc3d/char_chicken_graze_01_anim.glb",,,"TRUE",,10,1,2,,,,,,,,
,,"sc3d/char_chicken_graze_02_anim.glb",,,"TRUE",,10,1,2,,,,,,,,
,,"sc3d/char_chicken_graze_03_anim.glb",,,"TRUE",,10,1,2,,,,,,,,
,"Graze","sc3d/char_chicken_graze_01_anim.glb",,,"TRUE",,1,1,1,,,,,,,,
,,"sc3d/char_chicken_graze_02_anim.glb",,,"TRUE",,1,1,1,,,,,,,,
,,"sc3d/char_chicken_graze_03_anim.glb",,,"TRUE",,1,1,1,,,,,,,,
,"Startle","sc3d/char_chicken_startled_anim.glb",,,"TRUE",,1,1,1,,,,,,,,
,"Walk","sc3d/char_chicken_walk_anim.glb",,,"TRUE",,1,1,1,,,,,,,,
,"Run","sc3d/char_chicken_run_anim.glb",,,"TRUE",,1,1,1,,,,,,,,
"Chicken_t",,,,,,,,,,,,,,,,,
,"Name","TargetAnims","SourceAnims","Transition",,,,,,,,,,,,,
,"String","String","String","String",,,,,,,,,,,,,
,"T_0","Run","Idle","Startle",,,,,,,,,,,,,
,,,"Graze",,,,,,,,,,,,,,
"bunny00",,,,,,,,,,,,,,,,,
,"Name","SCW","StartFrame","EndFrame","Looping","IncludeInLowMem","VariationWeight","RepeatMin","RepeatMax","RandomOffsetPct","Effect","EffectFrame","AttachmentUseCarryPivot","PropPrimary","PropSecondary","VariationParam","VariationStyle"
,"String","String","int","int","boolean","boolean","int","int","int","int","String","int","boolean","String","String","String","String"
,"Idle","sc3d/anml_bunny_00_idle_anim.glb",,,"TRUE",,5,2,3,,,,,,,,
,,"sc3d/anml_bunny_00_idle_fidget_01_anim.glb",,,"TRUE",,1,1,1,,,,,,,,
,,"sc3d/anml_bunny_00_idle_fidget_02_anim.glb",,,"TRUE",,1,1,1,,,,,,,,
,"Walk","sc3d/anml_bunny_00_walk_anim.glb",,,"TRUE",,1,1,1,,,,,,,,
,"Run","sc3d/anml_bunny_00_run_anim.glb",,,"TRUE",,1,1,1,,,,,,,,
,"PerkUp","sc3d/anml_bunny_00_reaction_01_anim.glb",,,"TRUE",,1,1,1,,,,,,,,
,"Celebration","sc3d/anml_bunny_00_celebration_anim.glb",,,"TRUE",,1,1,1,,,,,,,,
,"Petted","sc3d/anml_bunny_00_villager_tap_anim.glb",,,"TRUE",,,,,,,,,,,,
,"Play","sc3d/anml_bunny_00_villager_play_anim.glb",,,"TRUE",,3,2,3,,,,,,,,
,,"sc3d/anml_bunny_00_villager_play_anim.glb",,,"TRUE",,1,1,1,,,,,,,,
,"Calling","sc3d/anml_bunny_00_villager_calling_anim.glb",28,68,"TRUE",,3,2,3,,,,,,,,
,,"sc3d/anml_bunny_00_villager_calling_anim.glb",68,196,"TRUE",,1,1,1,,,,,,,,
,,"sc3d/anml_bunny_00_villager_calling_anim.glb",196,290,"TRUE",,1,1,1,,,,,,,,
,,"sc3d/anml_bunny_00_villager_calling_anim.glb",290,394,"TRUE",,1,1,1,,,,,,,,
"Dog00",,,,,,,,,,,,,,,,,
,"Name","SCW","StartFrame","EndFrame","Looping","IncludeInLowMem","VariationWeight","RepeatMin","RepeatMax","RandomOffsetPct","Effect","EffectFrame","AttachmentUseCarryPivot","PropPrimary","PropSecondary","VariationParam","VariationStyle"
,"String","String","int","int","boolean","boolean","int","int","int","int","String","int","boolean","String","String","String","String"
,"Idle","sc3d/anml_dog_00_idle_anim.glb",,,"TRUE",,5,2,3,,,,,,,,
,,"sc3d/anml_dog_00_idle_fidget_01_anim.glb",,,"TRUE",,1,1,1,,,,,,,,
,"Walk","sc3d/anml_dog_00_walk_01_anim.glb",,,"TRUE",,1,1,1,,,,,,,,
,"Run","sc3d/anml_dog_00_run_01_anim.glb",,,"TRUE",,1,1,1,,,,,,,,
,"PerkUp","sc3d/anml_dog_00_reaction_01_anim.glb",,,"TRUE",,,,,,,,,,,,
,"Celebration","sc3d/anml_dog_00_celebration_01_anim.glb",,,"TRUE",,,,,,,,,,,,
,"Petted","sc3d/anml_dog_00_villager_tap_anim.glb",,,"TRUE",,,,,,,,,,,,
,"Play","sc3d/anml_dog_00_villager_play_anim.glb",36,88,"TRUE",,3,2,3,,,,,,,,
,,"sc3d/anml_dog_00_villager_play_anim.glb",88,175,"TRUE",,1,1,1,,,,,,,,
,"Calling","sc3d/anml_dog_00_villager_calling_anim.glb",28,48,"TRUE",,3,2,3,,,,,,,,
,,"sc3d/anml_dog_00_villager_calling_anim.glb",48,90,"TRUE",,1,1,1,,,,,,,,
,,"sc3d/anml_dog_00_villager_calling_anim.glb",90,180,"TRUE",,1,1,1,,,,,,,,
,,"sc3d/anml_dog_00_villager_calling_anim.glb",180,236,"TRUE",,1,1,1,,,,,,,,
,,,,,,,,,,,,,,,,,
,,,,,,,,,,,,,,,,,
,,,,,,,,,,,,,,,,,
"Boar",,,,,,,,,,,,,,,,,
,"Name","SCW","StartFrame","EndFrame","Looping","IncludeInLowMem","VariationWeight","RepeatMin","RepeatMax","RandomOffsetPct","Effect","EffectFrame","AttachmentUseCarryPivot","PropPrimary","PropSecondary","VariationParam","VariationStyle"
,"String","String","int","int","boolean","boolean","int","int","int","int","String","int","boolean","String","String","String","String"
,"Idle","sc3d/anml_boar_idle_anim.glb",,,"TRUE",,5,2,3,,,,,,,,
,,"sc3d/anml_boar_fidget_01_anim.glb",,,"TRUE",,1,1,1,,,,,,,,
,,"sc3d/anml_boar_fidget_02_anim.glb",,,"TRUE",,1,1,1,,,,,,,,
,"Walk","sc3d/anml_boar_walk_anim.glb",,,"TRUE",,1,1,1,,,,,,,,
,"Run","sc3d/anml_boar_run_anim.glb",,,"TRUE",,1,1,1,,,,,,,,
,"Celebration","sc3d/anml_boar_celebration_anim.glb",,,"TRUE",,1,1,1,,,,,,,,
,,,,,,,,,,,,,,,,,
"Alpaca",,,,,,,,,,,,,,,,,
,"Name","SCW","StartFrame","EndFrame","Looping","IncludeInLowMem","VariationWeight","RepeatMin","RepeatMax","RandomOffsetPct","Effect","EffectFrame","AttachmentUseCarryPivot","PropPrimary","PropSecondary","VariationParam","VariationStyle"
,"String","String","int","int","boolean","boolean","int","int","int","int","String","int","boolean","String","String","String","String"
,"Idle","sc3d/anml_alpaca_00_idle_anim.glb",,,"TRUE",,5,2,3,,,,,,,,
,,"sc3d/anml_alpaca_00_idle_fidget_01_anim.glb",,,"TRUE",,1,1,1,,,,,,,,
,,"sc3d/anml_alpaca_00_idle_fidget_02_anim.glb",,,"TRUE",,1,1,1,,,,,,,,
,"Run","sc3d/anml_alpaca_00_run_anim.glb",,,"TRUE",,1,1,1,,,,,,,,
,"Walk","sc3d/anml_alpaca_00_walk_anim.glb",,,"TRUE",,1,1,1,,,,,,,,
,"PerkUp","sc3d/anml_alpaca_00_reaction_01_anim.glb",,,"TRUE",,1,1,1,,,,,,,,
,,"sc3d/anml_alpaca_00_reaction_02_anim.glb",,,"TRUE",,1,1,1,,,,,,,,
,"Celebration","sc3d/anml_alpaca_00_celebration_anim.glb",,,"TRUE",,1,1,1,,,,,,,,
,,,,,,,,,,,,,,,,,
"Cat00_v01",,,,,,,,,,,,,,,,,
,"Name","SCW","StartFrame","EndFrame","Looping","IncludeInLowMem","VariationWeight","RepeatMin","RepeatMax","RandomOffsetPct","Effect","EffectFrame","AttachmentUseCarryPivot","PropPrimary","PropSecondary","VariationParam","VariationStyle"
,"String","String","int","int","boolean","boolean","int","int","int","int","String","int","boolean","String","String","String","String"
,"Idle","sc3d/anml_cat_00_idle_anim.glb",,,"TRUE",,5,2,3,,,,,,,,
,,"sc3d/anml_cat_00_idle_fidget_01_anim.glb",,,"TRUE",,1,1,1,,,,,,,,
,,"sc3d/anml_cat_00_idle_fidget_02_anim.glb",,,"TRUE",,1,1,1,,,,,,,,
,"Run","sc3d/anml_cat_00_run_anim.glb",,,"TRUE",,1,1,1,,,,,,,,
,"Walk","sc3d/anml_cat_00_walk_anim.glb",,,"TRUE",,1,1,1,,,,,,,,
,"PerkUp","sc3d/anml_cat_00_reaction_01_anim.glb",,,"TRUE",,1,1,1,,,,,,,,
,,"sc3d/anml_cat_00_reaction_02_anim.glb",,,"TRUE",,1,1,1,,,,,,,,
,"Celebration","sc3d/anml_cat_00_celebration_anim.glb",,,"TRUE",,1,1,1,,,,,,,,
,,,,,,,,,,,,,,,,,
"Cat00",,,,,,,,,,,,,,,,,
,"Name","SCW","StartFrame","EndFrame","Looping","IncludeInLowMem","VariationWeight","RepeatMin","RepeatMax","RandomOffsetPct","Effect","EffectFrame","AttachmentUseCarryPivot","PropPrimary","PropSecondary","VariationParam","VariationStyle"
,"String","String","int","int","boolean","boolean","int","int","int","int","String","int","boolean","String","String","String","String"
,"Idle","sc3d/anml_cat_00_idle_anim.glb",,,"TRUE",,5,2,3,,,,,,,,
,,"sc3d/anml_cat_00_idle_fidget_01_anim.glb",,,"TRUE",,1,1,1,,,,,,,,
,,"sc3d/anml_cat_00_idle_fidget_02_anim.glb",,,"TRUE",,1,1,1,,,,,,,,
,"Run","sc3d/anml_cat_00_run_anim.glb",,,"TRUE",,1,1,1,,,,,,,,
,"Walk","sc3d/anml_cat_00_walk_anim.glb",,,"TRUE",,1,1,1,,,,,,,,
,"PerkUp","sc3d/anml_cat_00_reaction_01_anim.glb",,,"TRUE",,1,1,1,,,,,,,,
,,"sc3d/anml_cat_00_reaction_02_anim.glb",,,"TRUE",,1,1,1,,,,,,,,
,"Celebration","sc3d/anml_cat_00_celebration_anim.glb",,,"TRUE",,1,1,1,,,,,,,,
,"Petted","sc3d/anml_cat_00_villager_tap_anim.glb",,,"TRUE",,1,1,1,,,,,,,,
,"Play","sc3d/anml_cat_00_villager_play_anim.glb",15,54,"TRUE",,3,2,3,,,,,,,,
,,"sc3d/anml_cat_00_villager_play_anim.glb",54,244,"TRUE",,1,1,1,,,,,,,,
,"Calling","sc3d/anml_cat_00_villager_calling_anim.glb",26,74,"TRUE",,3,2,3,,,,,,,,
,,"sc3d/anml_cat_00_villager_calling_anim.glb",74,140,"TRUE",,1,1,1,,,,,,,,
,,"sc3d/anml_cat_00_villager_calling_anim.glb",140,188,"TRUE",,1,1,1,,,,,,,,
,,"sc3d/anml_cat_00_villager_calling_anim.glb",244,280,"TRUE",,1,1,1,,,,,,,,
,,,,,,,,,,,,,,,,,
,,,,,,,,,,,,,,,,,
,,,,,,,,,,,,,,,,,
,,,,,,,,,,,,,,,,,
,,,,,,,,,,,,,,,,,
,,,,,,,,,,,,,,,,,
,,,,,,,,,,,,,,,,,
,,,,,,,,,,,,,,,,,
,,,,,,,,,,,,,,,,,
,,,,,,,,,,,,,,,,,
,,,,,,,,,,,,,,,,,
,,,,,,,,,,,,,,,,,
,,,,,,,,,,,,,,,,,
,,,,,,,,,,,,,,,,,
,,,,,,,,,,,,,,,,,
"Bird01",,,,,,,,,,,,,,,,,
,"Name","SCW","StartFrame","EndFrame","Looping","IncludeInLowMem","VariationWeight","RepeatMin","RepeatMax","RandomOffsetPct","Effect","EffectFrame","AttachmentUseCarryPivot","PropPrimary","PropSecondary","VariationParam","VariationStyle"
,"String","String","int","int","boolean","boolean","int","int","int","int","String","int","boolean","String","String","String","String"
,"Idle","sc3d/anml_bird_01_deco_birdbath_anim.glb",,,"TRUE",,,,,,,,,,,,
,,,,,,,,,,,,,,,,,
"Bird02",,,,,,,,,,,,,,,,,
,"Name","SCW","StartFrame","EndFrame","Looping","IncludeInLowMem","VariationWeight","RepeatMin","RepeatMax","RandomOffsetPct","Effect","EffectFrame","AttachmentUseCarryPivot","PropPrimary","PropSecondary","VariationParam","VariationStyle"
,"String","String","int","int","boolean","boolean","int","int","int","int","String","int","boolean","String","String","String","String"
,"Idle","sc3d/anml_bird_02_deco_birdbath_anim.glb",,,"TRUE",,,,,,,,,,,,
,,,,,,,,,,,,,,,,,
"Bird03",,,,,,,,,,,,,,,,,
,"Name","SCW","StartFrame","EndFrame","Looping","IncludeInLowMem","VariationWeight","RepeatMin","RepeatMax","RandomOffsetPct","Effect","EffectFrame","AttachmentUseCarryPivot","PropPrimary","PropSecondary","VariationParam","VariationStyle"
,"String","String","int","int","boolean","boolean","int","int","int","int","String","int","boolean","String","String","String","String"
,"Idle","sc3d/anml_bird_03_deco_birdbath_anim.glb",,,"TRUE",,,,,,,,,,,,
,,,,,,,,,,,,,,,,,
,,,,,,,,,,,,,,,,,
"Deco_Swing",,,,,,,,,,,,,,,,,
,"Name","SCW","StartFrame","EndFrame","Looping","IncludeInLowMem","VariationWeight","RepeatMin","RepeatMax","RandomOffsetPct","Effect","EffectFrame","AttachmentUseCarryPivot","PropPrimary","PropSecondary","VariationParam","VariationStyle"
,"String","String","int","int","boolean","boolean","int","int","int","int","String","int","boolean","String","String","String","String"
,"Idle","sc3d/deco_default_garden_swing_anim.glb",1,1,"TRUE",,,,,,,,,,,,
,"Active","sc3d/deco_default_garden_swing_anim.glb",60,110,"TRUE",,,,,,,,,,,,
,"Active_Start","sc3d/deco_default_garden_swing_anim.glb",,60,,,,,,,,,,,,,
,"Active_End","sc3d/deco_default_garden_swing_anim.glb",110,,,,,,,,,,,,,,
,,,,,,,,,,,,,,,,,
"Deco_Swing_t",,,,,,,,,,,,,,,,,
,"Name","TargetAnims","SourceAnims","Transition",,,,,,,,,,,,,
,"String","String","String","String",,,,,,,,,,,,,
,"T_0","Active",,"Active_Start",,,,,,,,,,,,,
,"T_1",,"Active","Active_End",,,,,,,,,,,,,
"Cow",,,,,,,,,,,,,,,,,
,"Name","SCW","StartFrame","EndFrame","Looping","IncludeInLowMem","VariationWeight","RepeatMin","RepeatMax","RandomOffsetPct","Effect","EffectFrame","AttachmentUseCarryPivot","PropPrimary","PropSecondary","VariationParam","VariationStyle"
,"String","String","int","int","boolean","boolean","int","int","int","int","String","int","boolean","String","String","String","String"
,"Idle","sc3d/anml_cow_00_anim.glb",0,80,"TRUE",,5,5,8,,,,,,,,
,"Mooing","sc3d/anml_cow_00_anim.glb",81,144,"TRUE",,1,1,1,,,,,,,,
,"Eating","sc3d/anml_cow_00_anim.glb",145,297,"TRUE",,1,1,1,,,,,,,,
,"Transition into sleep","sc3d/anml_cow_00_anim.glb",298,350,"TRUE",,1,1,1,,,,,,,,
,"Sleep","sc3d/anml_cow_00_anim.glb",350,390,"TRUE",,1,1,1,,,,,,,,
,"Transition out of sleep","sc3d/anml_cow_00_anim.glb",390,429,"TRUE",,1,1,1,,,,,,,,
,"Interaction","sc3d/anml_cow_00_anim.glb",430,509,"TRUE",,1,1,1,,,,,,,,
,"Celebration","sc3d/anml_cow_00_anim.glb",549,684,"TRUE",,1,1,1,,,,,,,,
,"Walk (Not Used)","sc3d/anml_cow_00_anim.glb",510,548,"TRUE",,1,1,1,,,,,,,,
"Gobba_fish",,,,,,,,,,,,,,,,,
,"Name","SCW","StartFrame","EndFrame","Looping","IncludeInLowMem","VariationWeight","RepeatMin","RepeatMax","RandomOffsetPct","Effect","EffectFrame","AttachmentUseCarryPivot","PropPrimary","PropSecondary","VariationParam","VariationStyle"
,"String","String","int","int","boolean","boolean","int","int","int","int","String","int","boolean","String","String","String","String"
,"Idle","sc3d/event_gobba_fish_anim.glb",0,75,"TRUE",,3,3,5,,,,,,,,
,"Lick","sc3d/event_gobba_fish_anim.glb",75,225,"TRUE",,1,1,1,,,,,,,,
,"Eat","sc3d/event_gobba_fish_anim.glb",225,300,"TRUE",,1,1,1,,,,,,,,
,"Celebration","sc3d/event_gobba_fish_anim.glb",300,500,"TRUE",,1,1,1,,,,,,,,
"Breadbear",,,,,,,,,,,,,,,,,
,"Name","SCW","StartFrame","EndFrame","Looping","IncludeInLowMem","VariationWeight","RepeatMin","RepeatMax","RandomOffsetPct","Effect","EffectFrame","AttachmentUseCarryPivot","PropPrimary","PropSecondary","VariationParam","VariationStyle"
,"String","String","int","int","boolean","boolean","int","int","int","int","String","int","boolean","String","String","String","String"
,"Idle","sc3d/event_breadbear_anim.glb",0,5,"TRUE",,1,1,1,,,,,,,,
,"Location_A ","sc3d/event_breadbear_anim.glb",0,358,"TRUE",,1,1,1,,,,,,,,
,"Location_B","sc3d/event_breadbear_anim.glb",0,5,"TRUE",,1,1,1,,,,,,,,
,"Location_C","sc3d/event_breadbear_anim.glb",375,544,"TRUE",,1,1,1,,,,,,,,
"Mole",,,,,,,,,,,,,,,,,
,"Name","SCW","StartFrame","EndFrame","Looping","IncludeInLowMem","VariationWeight","RepeatMin","RepeatMax","RandomOffsetPct","Effect","EffectFrame","AttachmentUseCarryPivot","PropPrimary","PropSecondary","VariationParam","VariationStyle"
,"String","String","int","int","boolean","boolean","int","int","int","int","String","int","boolean","String","String","String","String"
,"Idle","sc3d/event_mole_anim.glb",0,75,"TRUE",,1,1,1,,,,,,,,
,"Pull","sc3d/event_mole_anim.glb",75,150,"TRUE",,1,1,1,,,,,,,,
,"Nope","sc3d/event_mole_anim.glb",151,251,"TRUE",,1,1,1,,,,,,,,
,"Exit","sc3d/event_mole_anim.glb",252,288,"TRUE",,3,1,2,,,,,,,,
,"Under","sc3d/event_mole_anim.glb",380,410,"TRUE",,1,1,1,,,,,,,,
,"Enter","sc3d/event_mole_anim.glb",380,500,"TRUE",,1,1,1,,,,,,,,
,"Peek","sc3d/event_mole_anim.glb",290,419,"TRUE",,1,1,1,,,,,,,,
,"Sniff","sc3d/event_mole_anim.glb",500,630,"TRUE",,1,1,1,,,,,,,,
"Platurtle",,,,,,,,,,,,,,,,,
,"Name","SCW","StartFrame","EndFrame","Looping","IncludeInLowMem","VariationWeight","RepeatMin","RepeatMax","RandomOffsetPct","Effect","EffectFrame","AttachmentUseCarryPivot","PropPrimary","PropSecondary","VariationParam","VariationStyle"
,"String","String","int","int","boolean","boolean","int","int","int","int","String","int","boolean","String","String","String","String"
,"Idle","sc3d/event_platurtle_anim.glb",0,75,"TRUE",,1,1,1,,,,,,,,
"Octopus",,,,,,,,,,,,,,,,,
,"Name","SCW","StartFrame","EndFrame","Looping","IncludeInLowMem","VariationWeight","RepeatMin","RepeatMax","RandomOffsetPct","Effect","EffectFrame","AttachmentUseCarryPivot","PropPrimary","PropSecondary","VariationParam","VariationStyle"
,"String","String","int","int","boolean","boolean","int","int","int","int","String","int","boolean","String","String","String","String"
,"Idle","sc3d/event_octopus_anim.glb",0,80,"TRUE",,2,2,2,,,,,,,,
,"Sign 1","sc3d/event_octopus_anim.glb",81,840,"TRUE",,1,1,1,,,,,,,,
"Crow",,,,,,,,,,,,,,,,,
,"Name","SCW","StartFrame","EndFrame","Looping","IncludeInLowMem","VariationWeight","RepeatMin","RepeatMax","RandomOffsetPct","Effect","EffectFrame","AttachmentUseCarryPivot","PropPrimary","PropSecondary","VariationParam","VariationStyle"
,"String","String","int","int","boolean","boolean","int","int","int","int","String","int","boolean","String","String","String","String"
,"Idle","sc3d/event_crow_anim.glb",0,75,"TRUE",,3,3,5,,,,,,,,
,"eat crop","sc3d/event_crow_anim.glb",75,225,"TRUE",,1,1,1,,,,,,,,
,"Flap wings","sc3d/event_crow_anim.glb",75,288,"TRUE",,1,1,1,,,,,,,,
,"Circle around","sc3d/event_crow_anim.glb",225,500,"TRUE",,1,1,1,,,,,,,,
"Scarecrow",,,,,,,,,,,,,,,,,
,"Name","SCW","StartFrame","EndFrame","Looping","IncludeInLowMem","VariationWeight","RepeatMin","RepeatMax","RandomOffsetPct","Effect","EffectFrame","AttachmentUseCarryPivot","PropPrimary","PropSecondary","VariationParam","VariationStyle"
,"String","String","int","int","boolean","boolean","int","int","int","int","String","int","boolean","String","String","String","String"
,"Idle","sc3d/event_scarecrow_anim.glb",0,75,"TRUE",,3,3,5,,,,,,,,
,"Attack_1","sc3d/event_scarecrow_anim.glb",75,150,"TRUE",,1,1,1,,,,,,,,
,"Attack_2","sc3d/event_scarecrow_anim.glb",150,225,"TRUE",,1,1,1,,,,,,,,
,"Attack_3","sc3d/event_scarecrow_anim.glb",225,275,"TRUE",,1,1,1,,,,,,,,
"Whale",,,,,,,,,,,,,,,,,
,"Name","SCW","StartFrame","EndFrame","Looping","IncludeInLowMem","VariationWeight","RepeatMin","RepeatMax","RandomOffsetPct","Effect","EffectFrame","AttachmentUseCarryPivot","PropPrimary","PropSecondary","VariationParam","VariationStyle"
,"String","String","int","int","boolean","boolean","int","int","int","int","String","int","boolean","String","String","String","String"
,"Idle","sc3d/event_whale_anim.glb",80,230,"TRUE",,1,1,1,,,,,,,,
,"Fidget_1","sc3d/event_whale_anim.glb",80,150,"TRUE",,1,1,1,,,,,,,,
,"Fidget_2","sc3d/event_whale_anim.glb",0,150,"TRUE",,1,1,1,,,,,,,,
"Cloud_whale",,,,,,,,,,,,,,,,,
,"Name","SCW","StartFrame","EndFrame","Looping","IncludeInLowMem","VariationWeight","RepeatMin","RepeatMax","RandomOffsetPct","Effect","EffectFrame","AttachmentUseCarryPivot","PropPrimary","PropSecondary","VariationParam","VariationStyle"
,"String","String","int","int","boolean","boolean","int","int","int","int","String","int","boolean","String","String","String","String"
,"Idle","sc3d/event_cloud_wale_anim.glb",0,704,"TRUE",,1,1,1,,,,,,,,
,"Loop_1","sc3d/event_cloud_wale_anim.glb",704,1408,"TRUE",,1,1,1,,,,,,,,
,"Loop_2","sc3d/event_cloud_wale_anim.glb",1408,2112,"TRUE",,1,1,1,,,,,,,,
,"Loop_3","sc3d/event_cloud_wale_anim.glb",0,2112,"TRUE",,1,1,1,,,,,,,,
